{
  "credit": "Made with Blockbench",
  "textures": {
    "0": "block/custom/stone/pebbles",
    "particle": "block/custom/stone/pebbles"
  },
  "elements": [
    {
      "from": [
        10.48671,
        0,
        11.03002
      ],
      "to": [
        13.48671,
        2,
        14.03002
      ],
      "rotation": {
        "angle": -22.5,
        "axis": "y",
        "origin": [
          7.75837,
          1,
          8.27165
        ]
      },
      "faces": {
        "north": {
          "uv": [
            6,
            0,
            9,
            2
          ],
          "texture": "#0"
        },
        "east": {
          "uv": [
            6,
            2,
            9,
            4
          ],
          "texture": "#0"
        },
        "south": {
          "uv": [
            3,
            7,
            6,
            9
          ],
          "texture": "#0"
        },
        "west": {
          "uv": [
            0,
            6,
            3,
            8
          ],
          "texture": "#0"
        },
        "up": {
          "uv": [
            3,
            3,
            0,
            0
          ],
          "rotation": 270,
          "texture": "#0"
        },
        "down": {
          "uv": [
            3,
            3,
            0,
            6
          ],
          "rotation": 90,
          "texture": "#0"
        }
      }
    },
    {
      "from": [
        3.66643,
        0,
        12.06336
      ],
      "to": [
        6.66643,
        2,
        14.06336
      ],
      "rotation": {
        "angle": -45,
        "axis": "y",
        "origin": [
          7.75837,
          1,
          8.27165
        ]
      },
      "faces": {
        "north": {
          "uv": [
            3,
            0,
            6,
            2
          ],
          "texture": "#0"
        },
        "east": {
          "uv": [
            6,
            7,
            8,
            9
          ],
          "texture": "#0"
        },
        "south": {
          "uv": [
            3,
            2,
            6,
            4
          ],
          "texture": "#0"
        },
        "west": {
          "uv": [
            7,
            4,
            9,
            6
          ],
          "texture": "#0"
        },
        "up": {
          "uv": [
            5,
            7,
            3,
            4
          ],
          "rotation": 270,
          "texture": "#0"
        },
        "down": {
          "uv": [
            7,
            4,
            5,
            7
          ],
          "rotation": 90,
          "texture": "#0"
        }
      }
    },
    {
      "from": [
        2.37033,
        0,
        6.52008
      ],
      "to": [
        4.37033,
        1,
        8.52008
      ],
      "rotation": {
        "angle": -45,
        "axis": "y",
        "origin": [
          7.75837,
          1,
          8.27165
        ]
      },
      "faces": {
        "north": {
          "uv": [
            3,
            0,
            6,
            2
          ],
          "texture": "#0"
        },
        "east": {
          "uv": [
            6,
            7,
            8,
            9
          ],
          "texture": "#0"
        },
        "south": {
          "uv": [
            3,
            2,
            6,
            4
          ],
          "texture": "#0"
        },
        "west": {
          "uv": [
            7,
            4,
            9,
            6
          ],
          "texture": "#0"
        },
        "up": {
          "uv": [
            5,
            7,
            3,
            4
          ],
          "rotation": 270,
          "texture": "#0"
        },
        "down": {
          "uv": [
            7,
            4,
            5,
            7
          ],
          "rotation": 90,
          "texture": "#0"
        }
      }
    },
    {
      "from": [
        6.17701,
        0,
        2.04294
      ],
      "to": [
        11.17701,
        3,
        6.04294
      ],
      "rotation": {
        "angle": 0,
        "axis": "y",
        "origin": [
          7.75837,
          1,
          8.27165
        ]
      },
      "faces": {
        "north": {
          "uv": [
            0,
            0,
            5,
            3
          ],
          "texture": "#0"
        },
        "east": {
          "uv": [
            3,
            6,
            7,
            9
          ],
          "texture": "#0"
        },
        "south": {
          "uv": [
            0,
            3,
            5,
            6
          ],
          "texture": "#0"
        },
        "west": {
          "uv": [
            3,
            3,
            7,
            6
          ],
          "texture": "#0"
        },
        "up": {
          "uv": [
            5,
            14,
            0,
            10
          ],
          "texture": "#0"
        },
        "down": {
          "uv": [
            6,
            11,
            2,
            16
          ],
          "rotation": 90,
          "texture": "#0"
        }
      }
    }
  ],
  "display": {
    "thirdperson_righthand": {
      "rotation": [
        75,
        45,
        0
      ],
      "translation": [
        0.75,
        2.25,
        2.25
      ],
      "scale": [
        0.375,
        0.375,
        0.375
      ]
    },
    "thirdperson_lefthand": {
      "rotation": [
        75,
        45,
        0
      ],
      "translation": [
        0.75,
        2.25,
        2.25
      ],
      "scale": [
        0.375,
        0.375,
        0.375
      ]
    },
    "firstperson_righthand": {
      "rotation": [
        0,
        45,
        0
      ],
      "translation": [
        0.25,
        4.5,
        0
      ],
      "scale": [
        0.4,
        0.4,
        0.4
      ]
    },
    "firstperson_lefthand": {
      "rotation": [
        0,
        45,
        0
      ],
      "translation": [
        0.25,
        4.5,
        0
      ],
      "scale": [
        0.4,
        0.4,
        0.4
      ]
    },
    "ground": {
      "translation": [
        0,
        2,
        0
      ],
      "scale": [
        0.5,
        0.5,
        0.5
      ]
    },
    "gui": {
      "rotation": [
        30,
        225,
        0
      ],
      "translation": [
        -0.75,
        6.5,
        0
      ],
      "scale": [
        1.08,
        1.08,
        1.08
      ]
    },
    "head": {
      "translation": [
        0,
        14.25,
        0
      ]
    },
    "fixed": {
      "rotation": [
        -90,
        0,
        0
      ],
      "translation": [
        0,
        0,
        -16
      ],
      "scale": [
        2,
        2,
        2
      ]
    }
  }
}
