{
  "credit": "Made with Blockbench",
  "textures": {
    "0": "block/custom/stone/pebbles",
    "particle": "block/custom/stone/pebbles"
  },
  "elements": [
    {
      "from": [
        2.46646,
        0,
        6.89204
      ],
      "to": [
        4.46646,
        1,
        8.89204
      ],
      "rotation": {
        "angle": -45,
        "axis": "y",
        "origin": [
          7.98487,
          0.75,
          8.09488
        ]
      },
      "faces": {
        "north": {
          "uv": [
            7,
            4,
            9,
            5
          ],
          "texture": "#0"
        },
        "east": {
          "uv": [
            3,
            0,
            5,
            1
          ],
          "texture": "#0"
        },
        "south": {
          "uv": [
            6,
            7,
            8,
            8
          ],
          "texture": "#0"
        },
        "west": {
          "uv": [
            3,
            2,
            5,
            3
          ],
          "texture": "#0"
        },
        "up": {
          "uv": [
            5,
            6,
            3,
            4
          ],
          "texture": "#0"
        },
        "down": {
          "uv": [
            7,
            4,
            5,
            6
          ],
          "texture": "#0"
        }
      }
    },
    {
      "from": [
        8.02659,
        0,
        11.34697
      ],
      "to": [
        11.02659,
        2,
        13.34697
      ],
      "rotation": {
        "angle": 22.5,
        "axis": "y",
        "origin": [
          7.98487,
          0.75,
          8.09488
        ]
      },
      "faces": {
        "north": {
          "uv": [
            3,
            2,
            6,
            4
          ],
          "texture": "#0"
        },
        "east": {
          "uv": [
            7,
            4,
            9,
            6
          ],
          "texture": "#0"
        },
        "south": {
          "uv": [
            3,
            0,
            6,
            2
          ],
          "texture": "#0"
        },
        "west": {
          "uv": [
            6,
            7,
            8,
            9
          ],
          "texture": "#0"
        },
        "up": {
          "uv": [
            5,
            7,
            3,
            4
          ],
          "rotation": 90,
          "texture": "#0"
        },
        "down": {
          "uv": [
            7,
            4,
            5,
            7
          ],
          "rotation": 270,
          "texture": "#0"
        }
      }
    }
  ],
  "display": {
    "thirdperson_righthand": {
      "rotation": [
        75,
        45,
        0
      ],
      "translation": [
        0.75,
        2.25,
        2.25
      ],
      "scale": [
        0.375,
        0.375,
        0.375
      ]
    },
    "thirdperson_lefthand": {
      "rotation": [
        75,
        45,
        0
      ],
      "translation": [
        0.75,
        2.25,
        2.25
      ],
      "scale": [
        0.375,
        0.375,
        0.375
      ]
    },
    "firstperson_righthand": {
      "rotation": [
        0,
        45,
        0
      ],
      "translation": [
        0.25,
        4.5,
        0
      ],
      "scale": [
        0.4,
        0.4,
        0.4
      ]
    },
    "firstperson_lefthand": {
      "rotation": [
        0,
        45,
        0
      ],
      "translation": [
        0.25,
        4.5,
        0
      ],
      "scale": [
        0.4,
        0.4,
        0.4
      ]
    },
    "ground": {
      "translation": [
        0,
        2,
        0
      ],
      "scale": [
        0.5,
        0.5,
        0.5
      ]
    },
    "gui": {
      "rotation": [
        30,
        225,
        0
      ],
      "translation": [
        -0.75,
        6.5,
        0
      ],
      "scale": [
        1.08,
        1.08,
        1.08
      ]
    },
    "head": {
      "translation": [
        0,
        14.25,
        0
      ]
    },
    "fixed": {
      "rotation": [
        -90,
        0,
        0
      ],
      "translation": [
        0,
        0,
        -16
      ],
      "scale": [
        2,
        2,
        2
      ]
    }
  }
}
