{
  "parent": "item/generated",
  "textures": {
    "layer0": "item/gunpowder"
  },
  "overrides": [
    {
      "model": "polydecorations:block/jungle_shelf_top",
      "predicate": {
        "custom_model_data": 2
      }
    },
    {
      "model": "polydecorations:item/hammer",
      "predicate": {
        "custom_model_data": 3
      }
    },
    {
      "model": "polydecorations:item/acacia_bench",
      "predicate": {
        "custom_model_data": 4
      }
    },
    {
      "model": "polydecorations:item/crimson_table",
      "predicate": {
        "custom_model_data": 5
      }
    },
    {
      "model": "polydecorations:item/oak_tool_rack",
      "predicate": {
        "custom_model_data": 6
      }
    },
    {
      "model": "polydecorations:item/spruce_sign_post",
      "predicate": {
        "custom_model_data": 7
      }
    },
    {
      "model": "polydecorations:item/jungle_statue",
      "predicate": {
        "custom_model_data": 8
      }
    },
    {
      "model": "polydecorations:item/red_sandstone_statue",
      "predicate": {
        "custom_model_data": 9
      }
    },
    {
      "model": "polydecorations:item/lime_terracotta_statue",
      "predicate": {
        "custom_model_data": 10
      }
    },
    {
      "model": "polydecorations:block/globe_base",
      "predicate": {
        "custom_model_data": 11
      }
    },
    {
      "model": "polyfactory:item/grinder",
      "predicate": {
        "custom_model_data": 12
      }
    },
    {
      "model": "polyfactory:item/ender_dust",
      "predicate": {
        "custom_model_data": 13
      }
    },
    {
      "model": "polyfactory:item/green_screen",
      "predicate": {
        "custom_model_data": 14
      }
    },
    {
      "model": "polyfactory:item/electric_motor",
      "predicate": {
        "custom_model_data": 15
      }
    },
    {
      "model": "polyfactory:block/planter_output_2",
      "predicate": {
        "custom_model_data": 16
      }
    },
    {
      "predicate": {
        "custom_model_data": 17
      },
      "model": "waystones_rp:custom_gui/waystone/button/previous_page"
    },
    {
      "predicate": {
        "custom_model_data": 18
      },
      "model": "waystones_rp:custom_gui/waystone/button/next_page"
    }
  ]
}
