{
  "parent": "minecraft:item/generated",
  "textures": {
    "layer0": "minecraft:item/paper"
  },
  "overrides": [
    {
      "model": "glideaway:item/wind_in_a_bottle",
      "predicate": {
        "custom_model_data": 2
      }
    },
    {
      "model": "polydecorations:block/dark_oak_shelf_double",
      "predicate": {
        "custom_model_data": 3
      }
    },
    {
      "model": "polydecorations:item/globe",
      "predicate": {
        "custom_model_data": 4
      }
    },
    {
      "model": "polydecorations:item/cherry_bench",
      "predicate": {
        "custom_model_data": 5
      }
    },
    {
      "model": "polydecorations:item/mangrove_table",
      "predicate": {
        "custom_model_data": 6
      }
    },
    {
      "model": "polydecorations:item/acacia_mailbox",
      "predicate": {
        "custom_model_data": 7
      }
    },
    {
      "model": "polydecorations:item/cherry_sign_post",
      "predicate": {
        "custom_model_data": 8
      }
    },
    {
      "model": "polydecorations:item/warped_statue",
      "predicate": {
        "custom_model_data": 9
      }
    },
    {
      "model": "polydecorations:item/diorite_statue",
      "predicate": {
        "custom_model_data": 10
      }
    },
    {
      "model": "polydecorations:item/light_gray_terracotta_statue",
      "predicate": {
        "custom_model_data": 11
      }
    },
    {
      "model": "polyfactory:block/hologram_projector_active",
      "predicate": {
        "custom_model_data": 12
      }
    },
    {
      "model": "polyfactory:item/mixer",
      "predicate": {
        "custom_model_data": 13
      }
    },
    {
      "model": "polyfactory:item/steel_ingot",
      "predicate": {
        "custom_model_data": 14
      }
    },
    {
      "model": "polyfactory:item/item_filter",
      "predicate": {
        "custom_model_data": 15
      }
    },
    {
      "model": "polyfactory:item/item_counter",
      "predicate": {
        "custom_model_data": 16
      }
    },
    {
      "model": "polyfactory:item/workbench",
      "predicate": {
        "custom_model_data": 17
      }
    },
    {
      "model": "polyfactory:block/data_cube_connector_input_a",
      "predicate": {
        "custom_model_data": 18
      }
    }
  ]
}
