{
  "parent": "minecraft:block/black_wool",
  "overrides": [
    {
      "model": "polydecorations:block/birch_bench_right",
      "predicate": {
        "custom_model_data": 2
      }
    },
    {
      "model": "polydecorations:block/dark_oak_bench_norest_right",
      "predicate": {
        "custom_model_data": 3
      }
    },
    {
      "model": "polydecorations:block/oak_table_2",
      "predicate": {
        "custom_model_data": 4
      }
    },
    {
      "model": "polydecorations:block/birch_table_2",
      "predicate": {
        "custom_model_data": 5
      }
    },
    {
      "model": "polydecorations:block/cherry_table_2",
      "predicate": {
        "custom_model_data": 6
      }
    },
    {
      "model": "polydecorations:block/dark_oak_table_2",
      "predicate": {
        "custom_model_data": 7
      }
    },
    {
      "model": "polydecorations:block/warped_table_2",
      "predicate": {
        "custom_model_data": 8
      }
    },
    {
      "model": "polydecorations:block/bamboo_table_2",
      "predicate": {
        "custom_model_data": 9
      }
    },
    {
      "model": "polydecorations:block/statue/prismarine/head",
      "predicate": {
        "custom_model_data": 10
      }
    },
    {
      "model": "polydecorations:block/statue/diorite/left_arm",
      "predicate": {
        "custom_model_data": 11
      }
    },
    {
      "model": "polydecorations:block/statue/tuff_bricks/left_leg",
      "predicate": {
        "custom_model_data": 12
      }
    },
    {
      "model": "polydecorations:block/statue/yellow_terracotta/head",
      "predicate": {
        "custom_model_data": 13
      }
    },
    {
      "model": "polydecorations:block/statue/cyan_terracotta/left_arm",
      "predicate": {
        "custom_model_data": 14
      }
    },
    {
      "model": "polydecorations:block/statue/red_terracotta/left_leg",
      "predicate": {
        "custom_model_data": 15
      }
    },
    {
      "model": "polydecorations:block/statue/cherry/head",
      "predicate": {
        "custom_model_data": 16
      }
    },
    {
      "model": "polydecorations:block/statue/mangrove/left_arm",
      "predicate": {
        "custom_model_data": 17
      }
    }
  ]
}
