{
  "parent": "minecraft:item/generated",
  "textures": {
    "layer0": "minecraft:item/clay_ball"
  },
  "overrides": [
    {
      "model": "polydecorations:block/birch_shelf_top",
      "predicate": {
        "custom_model_data": 2
      }
    },
    {
      "model": "polydecorations:block/mangrove_shelf_double",
      "predicate": {
        "custom_model_data": 3
      }
    },
    {
      "model": "polydecorations:item/dark_oak_shelf",
      "predicate": {
        "custom_model_data": 4
      }
    },
    {
      "model": "polydecorations:item/spruce_bench",
      "predicate": {
        "custom_model_data": 5
      }
    },
    {
      "model": "polydecorations:item/birch_tool_rack",
      "predicate": {
        "custom_model_data": 6
      }
    },
    {
      "model": "polydecorations:item/jungle_mailbox",
      "predicate": {
        "custom_model_data": 7
      }
    },
    {
      "model": "polydecorations:item/bamboo_sign_post",
      "predicate": {
        "custom_model_data": 8
      }
    },
    {
      "model": "polydecorations:item/canvas",
      "predicate": {
        "custom_model_data": 9
      }
    },
    {
      "model": "polydecorations:item/terracotta_statue",
      "predicate": {
        "custom_model_data": 10
      }
    },
    {
      "model": "polydecorations:item/red_terracotta_statue",
      "predicate": {
        "custom_model_data": 11
      }
    },
    {
      "model": "polyfactory:item/sticky_conveyor",
      "predicate": {
        "custom_model_data": 12
      }
    },
    {
      "model": "polyfactory:item/gearbox",
      "predicate": {
        "custom_model_data": 13
      }
    },
    {
      "model": "polyfactory:item/treated_dried_kelp",
      "predicate": {
        "custom_model_data": 14
      }
    },
    {
      "model": "polyfactory:item/data_memory",
      "predicate": {
        "custom_model_data": 15
      }
    },
    {
      "model": "polyfactory:item/crushed_raw_copper",
      "predicate": {
        "custom_model_data": 16
      }
    }
  ]
}
