{
  "parent": "item/generated",
  "textures": {
    "layer0": "item/feather"
  },
  "display": {
    "head": {
      "rotation": [
        0,
        0,
        45
      ],
      "translation": [
        -1,
        13,
        7
      ],
      "scale": [
        1,
        1,
        1
      ]
    }
  },
  "overrides": [
    {
      "model": "glideaway:item/infinite_wind_in_a_bottle",
      "predicate": {
        "custom_model_data": 2
      }
    },
    {
      "model": "polydecorations:block/crimson_shelf_top",
      "predicate": {
        "custom_model_data": 3
      }
    },
    {
      "model": "polydecorations:item/acacia_shelf",
      "predicate": {
        "custom_model_data": 4
      }
    },
    {
      "model": "polydecorations:item/crimson_bench",
      "predicate": {
        "custom_model_data": 5
      }
    },
    {
      "model": "polydecorations:item/oak_table",
      "predicate": {
        "custom_model_data": 6
      }
    },
    {
      "model": "polydecorations:item/bamboo_mailbox",
      "predicate": {
        "custom_model_data": 7
      }
    },
    {
      "model": "polydecorations:item/jungle_sign_post",
      "predicate": {
        "custom_model_data": 8
      }
    },
    {
      "model": "polydecorations:item/mangrove_statue",
      "predicate": {
        "custom_model_data": 9
      }
    },
    {
      "model": "polydecorations:item/granite_statue",
      "predicate": {
        "custom_model_data": 10
      }
    },
    {
      "model": "polydecorations:item/cyan_terracotta_statue",
      "predicate": {
        "custom_model_data": 11
      }
    },
    {
      "model": "polyfactory:block/steel_button",
      "predicate": {
        "custom_model_data": 12
      }
    },
    {
      "model": "polyfactory:item/miner",
      "predicate": {
        "custom_model_data": 13
      }
    },
    {
      "model": "polyfactory:item/steel_plate",
      "predicate": {
        "custom_model_data": 14
      }
    },
    {
      "model": "polyfactory:item/redstone_input",
      "predicate": {
        "custom_model_data": 15
      }
    },
    {
      "model": "polyfactory:item/dynamite",
      "predicate": {
        "custom_model_data": 16
      }
    },
    {
      "model": "polyfactory:block/data_cube_connector_input_b",
      "predicate": {
        "custom_model_data": 17
      }
    }
  ]
}
