{
  "parent": "minecraft:item/generated",
  "textures": {
    "layer0": "minecraft:item/ghast_tear"
  },
  "overrides": [
    {
      "model": "illagerexp:item/primal_essence",
      "predicate": {
        "custom_model_data": 2
      }
    },
    {
      "model": "polydecorations:block/dark_oak_shelf_top",
      "predicate": {
        "custom_model_data": 3
      }
    },
    {
      "model": "polydecorations:item/soul_brazier",
      "predicate": {
        "custom_model_data": 4
      }
    },
    {
      "model": "polydecorations:item/birch_bench",
      "predicate": {
        "custom_model_data": 5
      }
    },
    {
      "model": "polydecorations:item/jungle_table",
      "predicate": {
        "custom_model_data": 6
      }
    },
    {
      "model": "polydecorations:item/warped_tool_rack",
      "predicate": {
        "custom_model_data": 7
      }
    },
    {
      "model": "polydecorations:item/acacia_sign_post",
      "predicate": {
        "custom_model_data": 8
      }
    },
    {
      "model": "polydecorations:item/crimson_statue",
      "predicate": {
        "custom_model_data": 9
      }
    },
    {
      "model": "polydecorations:item/andesite_statue",
      "predicate": {
        "custom_model_data": 10
      }
    },
    {
      "model": "polydecorations:item/gray_terracotta_statue",
      "predicate": {
        "custom_model_data": 11
      }
    },
    {
      "model": "polydecorations:block/tiny_potato",
      "predicate": {
        "custom_model_data": 12
      }
    },
    {
      "model": "polyfactory:item/crafter",
      "predicate": {
        "custom_model_data": 13
      }
    },
    {
      "model": "polyfactory:item/steel_alloy_mixture",
      "predicate": {
        "custom_model_data": 14
      }
    },
    {
      "model": "polyfactory:item/stressometer",
      "predicate": {
        "custom_model_data": 15
      }
    },
    {
      "model": "polyfactory:item/wither_skull_generator",
      "predicate": {
        "custom_model_data": 16
      }
    },
    {
      "model": "polyfactory:block/tiny_potato_spring",
      "predicate": {
        "custom_model_data": 17
      }
    }
  ]
}
