{
  "parent": "minecraft:item/generated",
  "textures": {
    "layer0": "minecraft:item/nether_brick"
  },
  "overrides": [
    {
      "model": "polydecorations:block/spruce_shelf_top",
      "predicate": {
        "custom_model_data": 2
      }
    },
    {
      "model": "polydecorations:block/warped_shelf_double",
      "predicate": {
        "custom_model_data": 3
      }
    },
    {
      "model": "polydecorations:item/cherry_shelf",
      "predicate": {
        "custom_model_data": 4
      }
    },
    {
      "model": "polydecorations:item/mangrove_bench",
      "predicate": {
        "custom_model_data": 5
      }
    },
    {
      "model": "polydecorations:item/acacia_tool_rack",
      "predicate": {
        "custom_model_data": 6
      }
    },
    {
      "model": "polydecorations:item/crimson_mailbox",
      "predicate": {
        "custom_model_data": 7
      }
    },
    {
      "model": "polydecorations:item/warped_sign_post",
      "predicate": {
        "custom_model_data": 8
      }
    },
    {
      "model": "polydecorations:item/display_case",
      "predicate": {
        "custom_model_data": 9
      }
    },
    {
      "model": "polydecorations:item/stone_bricks_statue",
      "predicate": {
        "custom_model_data": 10
      }
    },
    {
      "model": "polydecorations:item/brown_terracotta_statue",
      "predicate": {
        "custom_model_data": 11
      }
    },
    {
      "model": "polyfactory:item/wrench",
      "predicate": {
        "custom_model_data": 12
      }
    },
    {
      "model": "polyfactory:item/axle",
      "predicate": {
        "custom_model_data": 13
      }
    },
    {
      "model": "polyfactory:item/large_steel_gear",
      "predicate": {
        "custom_model_data": 14
      }
    },
    {
      "model": "polyfactory:item/block_observer",
      "predicate": {
        "custom_model_data": 15
      }
    },
    {
      "model": "polyfactory:item/frame",
      "predicate": {
        "custom_model_data": 16
      }
    }
  ]
}
