{
  "parent": "minecraft:block/orange_carpet",
  "overrides": [
    {
      "model": "polyfactory:block/conveyor_up_fast",
      "predicate": {
        "custom_model_data": 2
      }
    },
    {
      "model": "polyfactory:block/gen/sticky_conveyor_4",
      "predicate": {
        "custom_model_data": 3
      }
    },
    {
      "model": "polyfactory:block/gen/sticky_conveyor_down_9",
      "predicate": {
        "custom_model_data": 4
      }
    },
    {
      "model": "polyfactory:block/gen/conveyor_up_15",
      "predicate": {
        "custom_model_data": 5
      }
    },
    {
      "model": "polyfactory:block/gen/sticky_conveyor_4/1",
      "predicate": {
        "custom_model_data": 6
      }
    },
    {
      "model": "polyfactory:block/gen/sticky_conveyor_down_9/1",
      "predicate": {
        "custom_model_data": 7
      }
    },
    {
      "model": "polyfactory:block/gen/conveyor_up_15/1",
      "predicate": {
        "custom_model_data": 8
      }
    },
    {
      "model": "polyfactory:block/gen/sticky_conveyor_4/2",
      "predicate": {
        "custom_model_data": 9
      }
    },
    {
      "model": "polyfactory:block/gen/sticky_conveyor_down_9/2",
      "predicate": {
        "custom_model_data": 10
      }
    },
    {
      "model": "polyfactory:block/gen/conveyor_up_15/2",
      "predicate": {
        "custom_model_data": 11
      }
    },
    {
      "model": "polyfactory:block/gen/sticky_conveyor_4/3",
      "predicate": {
        "custom_model_data": 12
      }
    },
    {
      "model": "polyfactory:block/gen/sticky_conveyor_down_9/3",
      "predicate": {
        "custom_model_data": 13
      }
    },
    {
      "model": "polyfactory:block/gen/conveyor_up_15/3",
      "predicate": {
        "custom_model_data": 14
      }
    },
    {
      "model": "polyfactory:block/gen/sticky_conveyor_4/4",
      "predicate": {
        "custom_model_data": 15
      }
    },
    {
      "model": "polyfactory:block/gen/sticky_conveyor_down_9/4",
      "predicate": {
        "custom_model_data": 16
      }
    },
    {
      "model": "polyfactory:block/gen/conveyor_up_15/4",
      "predicate": {
        "custom_model_data": 17
      }
    },
    {
      "model": "polyfactory:block/gen/sticky_conveyor_4/5",
      "predicate": {
        "custom_model_data": 18
      }
    },
    {
      "model": "polyfactory:block/gen/sticky_conveyor_down_9/5",
      "predicate": {
        "custom_model_data": 19
      }
    },
    {
      "model": "polyfactory:block/gen/conveyor_up_15/5",
      "predicate": {
        "custom_model_data": 20
      }
    },
    {
      "model": "polyfactory:block/gen/sticky_conveyor_4/6",
      "predicate": {
        "custom_model_data": 21
      }
    },
    {
      "model": "polyfactory:block/gen/sticky_conveyor_down_9/6",
      "predicate": {
        "custom_model_data": 22
      }
    },
    {
      "model": "polyfactory:block/gen/conveyor_up_15/6",
      "predicate": {
        "custom_model_data": 23
      }
    },
    {
      "model": "polyfactory:block/gen/sticky_conveyor_4/7",
      "predicate": {
        "custom_model_data": 24
      }
    },
    {
      "model": "polyfactory:block/gen/sticky_conveyor_down_9/7",
      "predicate": {
        "custom_model_data": 25
      }
    },
    {
      "model": "polyfactory:block/gen/conveyor_up_15/7",
      "predicate": {
        "custom_model_data": 26
      }
    },
    {
      "model": "polyfactory:block/gen/sticky_conveyor_4/8",
      "predicate": {
        "custom_model_data": 27
      }
    },
    {
      "model": "polyfactory:block/gen/sticky_conveyor_down_9/8",
      "predicate": {
        "custom_model_data": 28
      }
    },
    {
      "model": "polyfactory:block/gen/conveyor_up_15/8",
      "predicate": {
        "custom_model_data": 29
      }
    },
    {
      "model": "polyfactory:block/gen/sticky_conveyor_4/9",
      "predicate": {
        "custom_model_data": 30
      }
    },
    {
      "model": "polyfactory:block/gen/sticky_conveyor_down_9/9",
      "predicate": {
        "custom_model_data": 31
      }
    },
    {
      "model": "polyfactory:block/gen/conveyor_up_15/9",
      "predicate": {
        "custom_model_data": 32
      }
    },
    {
      "model": "polyfactory:block/gen/sticky_conveyor_4/10",
      "predicate": {
        "custom_model_data": 33
      }
    },
    {
      "model": "polyfactory:block/gen/sticky_conveyor_down_9/10",
      "predicate": {
        "custom_model_data": 34
      }
    },
    {
      "model": "polyfactory:block/gen/conveyor_up_15/10",
      "predicate": {
        "custom_model_data": 35
      }
    },
    {
      "model": "polyfactory:block/gen/sticky_conveyor_4/11",
      "predicate": {
        "custom_model_data": 36
      }
    },
    {
      "model": "polyfactory:block/gen/sticky_conveyor_down_9/11",
      "predicate": {
        "custom_model_data": 37
      }
    },
    {
      "model": "polyfactory:block/gen/conveyor_up_15/11",
      "predicate": {
        "custom_model_data": 38
      }
    },
    {
      "model": "polyfactory:block/gen/sticky_conveyor_4/12",
      "predicate": {
        "custom_model_data": 39
      }
    },
    {
      "model": "polyfactory:block/gen/sticky_conveyor_down_9/12",
      "predicate": {
        "custom_model_data": 40
      }
    },
    {
      "model": "polyfactory:block/gen/conveyor_up_15/12",
      "predicate": {
        "custom_model_data": 41
      }
    },
    {
      "model": "polyfactory:block/gen/sticky_conveyor_4/13",
      "predicate": {
        "custom_model_data": 42
      }
    },
    {
      "model": "polyfactory:block/gen/sticky_conveyor_down_9/13",
      "predicate": {
        "custom_model_data": 43
      }
    },
    {
      "model": "polyfactory:block/gen/conveyor_up_15/13",
      "predicate": {
        "custom_model_data": 44
      }
    },
    {
      "model": "polyfactory:block/gen/sticky_conveyor_4/14",
      "predicate": {
        "custom_model_data": 45
      }
    },
    {
      "model": "polyfactory:block/gen/sticky_conveyor_down_9/14",
      "predicate": {
        "custom_model_data": 46
      }
    },
    {
      "model": "polyfactory:block/gen/conveyor_up_15/14",
      "predicate": {
        "custom_model_data": 47
      }
    },
    {
      "model": "polyfactory:block/gen/sticky_conveyor_4/15",
      "predicate": {
        "custom_model_data": 48
      }
    },
    {
      "model": "polyfactory:block/gen/sticky_conveyor_down_9/15",
      "predicate": {
        "custom_model_data": 49
      }
    },
    {
      "model": "polyfactory:block/gen/conveyor_up_15/15",
      "predicate": {
        "custom_model_data": 50
      }
    },
    {
      "model": "polyfactory:block/gen/sticky_conveyor_4/16",
      "predicate": {
        "custom_model_data": 51
      }
    },
    {
      "model": "polyfactory:block/gen/sticky_conveyor_down_9/16",
      "predicate": {
        "custom_model_data": 52
      }
    },
    {
      "model": "polyfactory:block/gen/conveyor_up_15/16",
      "predicate": {
        "custom_model_data": 53
      }
    },
    {
      "model": "polyfactory:block/gen/sticky_conveyor_4/17",
      "predicate": {
        "custom_model_data": 54
      }
    },
    {
      "model": "polyfactory:block/gen/sticky_conveyor_down_9/17",
      "predicate": {
        "custom_model_data": 55
      }
    },
    {
      "model": "polyfactory:block/gen/conveyor_up_15/17",
      "predicate": {
        "custom_model_data": 56
      }
    },
    {
      "model": "polyfactory:block/gen/sticky_conveyor_4/18",
      "predicate": {
        "custom_model_data": 57
      }
    },
    {
      "model": "polyfactory:block/gen/sticky_conveyor_down_9/18",
      "predicate": {
        "custom_model_data": 58
      }
    },
    {
      "model": "polyfactory:block/gen/conveyor_up_15/18",
      "predicate": {
        "custom_model_data": 59
      }
    },
    {
      "model": "polyfactory:block/gen/sticky_conveyor_4/19",
      "predicate": {
        "custom_model_data": 60
      }
    },
    {
      "model": "polyfactory:block/gen/sticky_conveyor_down_9/19",
      "predicate": {
        "custom_model_data": 61
      }
    },
    {
      "model": "polyfactory:block/gen/conveyor_up_15/19",
      "predicate": {
        "custom_model_data": 62
      }
    },
    {
      "model": "polyfactory:block/gen/sticky_conveyor_4/20",
      "predicate": {
        "custom_model_data": 63
      }
    },
    {
      "model": "polyfactory:block/gen/sticky_conveyor_down_9/20",
      "predicate": {
        "custom_model_data": 64
      }
    },
    {
      "model": "polyfactory:block/gen/conveyor_up_15/20",
      "predicate": {
        "custom_model_data": 65
      }
    }
  ]
}
