{
  "parent": "item/template_skull",
  "overrides": [
    {
      "model": "illagerexp:item/imbuing_table",
      "predicate": {
        "custom_model_data": 2
      }
    },
    {
      "predicate": {
        "custom_model_data": 3
      },
      "model": "waystones_rp:item/waystone_andesite"
    },
    {
      "predicate": {
        "custom_model_data": 4
      },
      "model": "waystones_rp:item/waystone_sand"
    },
    {
      "predicate": {
        "custom_model_data": 5
      },
      "model": "waystones_rp:item/waystone_nether"
    },
    {
      "predicate": {
        "custom_model_data": 6
      },
      "model": "waystones_rp:item/waystone_deepslate"
    },
    {
      "predicate": {
        "custom_model_data": 7
      },
      "model": "waystones_rp:item/waystone_mossy"
    },
    {
      "predicate": {
        "custom_model_data": 8
      },
      "model": "item/player_head"
    }
  ]
}
