{
  "parent": "minecraft:item/generated",
  "textures": {
    "layer0": "minecraft:item/rabbit_hide"
  },
  "overrides": [
    {
      "model": "polydecorations:block/acacia_shelf_double",
      "predicate": {
        "custom_model_data": 2
      }
    },
    {
      "model": "polydecorations:block/mailbox_flag",
      "predicate": {
        "custom_model_data": 3
      }
    },
    {
      "model": "polydecorations:item/oak_shelf",
      "predicate": {
        "custom_model_data": 4
      }
    },
    {
      "model": "polydecorations:item/bamboo_table",
      "predicate": {
        "custom_model_data": 5
      }
    },
    {
      "model": "polydecorations:item/dark_oak_tool_rack",
      "predicate": {
        "custom_model_data": 6
      }
    },
    {
      "model": "polydecorations:item/spruce_mailbox",
      "predicate": {
        "custom_model_data": 7
      }
    },
    {
      "model": "polydecorations:item/birch_statue",
      "predicate": {
        "custom_model_data": 8
      }
    },
    {
      "model": "polydecorations:item/blackstone_statue",
      "predicate": {
        "custom_model_data": 9
      }
    },
    {
      "model": "polydecorations:item/magenta_terracotta_statue",
      "predicate": {
        "custom_model_data": 10
      }
    },
    {
      "model": "polydecorations:block/lantern_support_wall",
      "predicate": {
        "custom_model_data": 11
      }
    },
    {
      "model": "polyfactory:item/fan",
      "predicate": {
        "custom_model_data": 12
      }
    },
    {
      "model": "polyfactory:item/nixie_tube",
      "predicate": {
        "custom_model_data": 13
      }
    },
    {
      "model": "polyfactory:item/creative_motor",
      "predicate": {
        "custom_model_data": 14
      }
    },
    {
      "model": "polyfactory:item/wireless_redstone_receiver",
      "predicate": {
        "custom_model_data": 15
      }
    },
    {
      "model": "polyfactory:item/the_cube",
      "predicate": {
        "custom_model_data": 16
      }
    }
  ]
}
