{
  "parent": "minecraft:item/generated",
  "textures": {
    "layer0": "minecraft:item/sugar"
  },
  "overrides": [
    {
      "model": "polydecorations:block/jungle_shelf_double",
      "predicate": {
        "custom_model_data": 2
      }
    },
    {
      "model": "polydecorations:item/brazier",
      "predicate": {
        "custom_model_data": 3
      }
    },
    {
      "model": "polydecorations:item/bamboo_bench",
      "predicate": {
        "custom_model_data": 4
      }
    },
    {
      "model": "polydecorations:item/dark_oak_table",
      "predicate": {
        "custom_model_data": 5
      }
    },
    {
      "model": "polydecorations:item/spruce_tool_rack",
      "predicate": {
        "custom_model_data": 6
      }
    },
    {
      "model": "polydecorations:item/birch_sign_post",
      "predicate": {
        "custom_model_data": 7
      }
    },
    {
      "model": "polydecorations:item/dark_oak_statue",
      "predicate": {
        "custom_model_data": 8
      }
    },
    {
      "model": "polydecorations:item/quartz_statue",
      "predicate": {
        "custom_model_data": 9
      }
    },
    {
      "model": "polydecorations:item/pink_terracotta_statue",
      "predicate": {
        "custom_model_data": 10
      }
    },
    {
      "model": "polydecorations:block/globe_earth",
      "predicate": {
        "custom_model_data": 11
      }
    },
    {
      "model": "polyfactory:item/press",
      "predicate": {
        "custom_model_data": 12
      }
    },
    {
      "model": "polyfactory:item/ender_infused_amethyst_shard",
      "predicate": {
        "custom_model_data": 13
      }
    },
    {
      "model": "polyfactory:item/tachometer",
      "predicate": {
        "custom_model_data": 14
      }
    },
    {
      "model": "polyfactory:item/electric_generator",
      "predicate": {
        "custom_model_data": 15
      }
    },
    {
      "model": "polyfactory:block/tiny_potato_spring_base",
      "predicate": {
        "custom_model_data": 16
      }
    }
  ]
}
