{
  "parent": "minecraft:item/template_spawn_egg",
  "overrides": [
    {
      "model": "illagerexp:item/provoker_spawn_egg",
      "predicate": {
        "custom_model_data": 2
      }
    },
    {
      "model": "illagerexp:item/surrendered_spawn_egg",
      "predicate": {
        "custom_model_data": 3
      }
    },
    {
      "model": "illagerexp:item/basher_spawn_egg",
      "predicate": {
        "custom_model_data": 4
      }
    },
    {
      "model": "illagerexp:item/sorcerer_spawn_egg",
      "predicate": {
        "custom_model_data": 5
      }
    },
    {
      "model": "illagerexp:item/archivist_spawn_egg",
      "predicate": {
        "custom_model_data": 6
      }
    },
    {
      "model": "illagerexp:item/inquisitor_spawn_egg",
      "predicate": {
        "custom_model_data": 7
      }
    },
    {
      "model": "illagerexp:item/marauder_spawn_egg",
      "predicate": {
        "custom_model_data": 8
      }
    },
    {
      "model": "illagerexp:item/alchemist_spawn_egg",
      "predicate": {
        "custom_model_data": 9
      }
    },
    {
      "model": "illagerexp:item/firecaller_spawn_egg",
      "predicate": {
        "custom_model_data": 10
      }
    }
  ]
}
