{
  "parent": "minecraft:item/handheld",
  "textures": {
    "layer0": "minecraft:item/wooden_pickaxe"
  },
  "overrides": [
    {
      "model": "glideaway:item/cherry_hang_glider",
      "predicate": {
        "custom_model_data": 2
      }
    },
    {
      "model": "glideaway:item/sculk_hang_glider",
      "predicate": {
        "custom_model_data": 3
      }
    },
    {
      "model": "glideaway:item/azalea_hang_glider",
      "predicate": {
        "custom_model_data": 4
      }
    }
  ]
}
