{
  "variants": {
    "moisture=1": [
      {
        "model": "minecraft:block/farmland",
        "x": 0,
        "y": 0,
        "uvlock": false,
        "weight": 1
      }
    ],
    "moisture=2": [
      {
        "model": "minecraft:block/farmland",
        "x": 0,
        "y": 0,
        "uvlock": false,
        "weight": 1
      }
    ],
    "moisture=3": [
      {
        "model": "minecraft:block/farmland",
        "x": 0,
        "y": 0,
        "uvlock": false,
        "weight": 1
      }
    ],
    "moisture=4": [
      {
        "model": "minecraft:block/farmland",
        "x": 0,
        "y": 0,
        "uvlock": false,
        "weight": 1
      }
    ],
    "moisture=5": [
      {
        "model": "minecraft:block/farmland",
        "x": 0,
        "y": 0,
        "uvlock": false,
        "weight": 1
      }
    ],
    "moisture=6": [
      {
        "model": "minecraft:block/farmland",
        "x": 0,
        "y": 0,
        "uvlock": false,
        "weight": 1
      }
    ],
    "moisture=7": [
      {
        "model": "minecraft:block/farmland_moist",
        "x": 0,
        "y": 0,
        "uvlock": false,
        "weight": 1
      }
    ]
  }
}
