{
	"credit": "Made with Blockbench",
	"texture_size": [64, 64],
	"textures": {
		"1": "ulg_backpack:rainbow",
		"particle": "ulg_backpack:rainbow"
	},
	"elements": [
		{
			"from": [7.035, 10.37, 7.5125],
			"to": [9.045, 11.375, 8.5175],
			"rotation": {"angle": 0, "axis": "y", "origin": [0, 3, 5]},
			"faces": {
				"north": {"uv": [10.5, 10.75, 11, 11], "texture": "#1"},
				"east": {"uv": [6.25, 11.25, 6.5, 11.5], "texture": "#1"},
				"south": {"uv": [11, 0, 11.5, 0.25], "texture": "#1"},
				"west": {"uv": [11.25, 7.75, 11.5, 8], "texture": "#1"},
				"up": {"uv": [10.5, 10.75, 11, 11], "texture": "#1"},
				"down": {"uv": [11.5, 0.5, 11, 0.75], "texture": "#1"}
			}
		},
		{
			"from": [3.015, 13.385, 18.065],
			"to": [5.025, 14.39, 19.07],
			"rotation": {"angle": 0, "axis": "y", "origin": [0, 3, 5]},
			"faces": {
				"north": {"uv": [11, 0.75, 11.5, 1], "texture": "#1"},
				"east": {"uv": [8, 11.25, 8.25, 11.5], "texture": "#1"},
				"south": {"uv": [11, 2, 11.5, 2.25], "texture": "#1"},
				"west": {"uv": [8.25, 11.25, 8.5, 11.5], "texture": "#1"},
				"up": {"uv": [11.5, 2.5, 11, 2.25], "texture": "#1"},
				"down": {"uv": [11.5, 2.5, 11, 2.75], "texture": "#1"}
			}
		},
		{
			"from": [11.055, 1.325, 17.06],
			"to": [13.065, 2.33, 18.065],
			"rotation": {"angle": 0, "axis": "y", "origin": [0, 3, 5]},
			"faces": {
				"north": {"uv": [11, 2.75, 11.5, 3], "texture": "#1"},
				"east": {"uv": [8.5, 11.25, 8.75, 11.5], "texture": "#1"},
				"south": {"uv": [11, 3, 11.5, 3.25], "texture": "#1"},
				"west": {"uv": [8.75, 11.25, 9, 11.5], "texture": "#1"},
				"up": {"uv": [11.5, 3.5, 11, 3.25], "texture": "#1"},
				"down": {"uv": [11.5, 3.5, 11, 3.75], "texture": "#1"}
			}
		},
		{
			"from": [3.015, 1.325, 17.06],
			"to": [5.025, 2.33, 18.065],
			"rotation": {"angle": 0, "axis": "y", "origin": [0, 3, 5]},
			"faces": {
				"north": {"uv": [11, 3.75, 11.5, 4], "texture": "#1"},
				"east": {"uv": [9, 11.25, 9.25, 11.5], "texture": "#1"},
				"south": {"uv": [4.5, 11, 5, 11.25], "texture": "#1"},
				"west": {"uv": [9.25, 11.25, 9.5, 11.5], "texture": "#1"},
				"up": {"uv": [5.5, 11.25, 5, 11], "texture": "#1"},
				"down": {"uv": [6, 11, 5.5, 11.25], "texture": "#1"}
			}
		},
		{
			"from": [11.055, 13.385, 18.065],
			"to": [13.065, 14.39, 19.07],
			"rotation": {"angle": 0, "axis": "y", "origin": [0, 3, 5]},
			"faces": {
				"north": {"uv": [6, 11, 6.5, 11.25], "texture": "#1"},
				"east": {"uv": [10.25, 11.25, 10.5, 11.5], "texture": "#1"},
				"south": {"uv": [8, 11, 8.5, 11.25], "texture": "#1"},
				"west": {"uv": [10.5, 11.25, 10.75, 11.5], "texture": "#1"},
				"up": {"uv": [11.5, 8.25, 11, 8], "texture": "#1"},
				"down": {"uv": [11.5, 8.25, 11, 8.5], "texture": "#1"}
			}
		},
		{
			"from": [11.055, 1.325, 18.065],
			"to": [13.065, 13.385, 19.07],
			"rotation": {"angle": 0, "axis": "y", "origin": [0, 3, 5]},
			"faces": {
				"north": {"uv": [4.5, 8, 5, 11], "texture": "#1"},
				"east": {"uv": [7.5, 9.5, 7.75, 12.5], "texture": "#1"},
				"south": {"uv": [5, 8, 5.5, 11], "texture": "#1"},
				"west": {"uv": [7.75, 9.5, 8, 12.5], "texture": "#1"},
				"up": {"uv": [9, 11.25, 8.5, 11], "texture": "#1"},
				"down": {"uv": [11.5, 8.5, 11, 8.75], "texture": "#1"}
			}
		},
		{
			"from": [3.015, 1.325, 18.065],
			"to": [5.025, 13.385, 19.07],
			"rotation": {"angle": 0, "axis": "y", "origin": [0, 3, 5]},
			"faces": {
				"north": {"uv": [5.5, 8, 6, 11], "texture": "#1"},
				"east": {"uv": [9.5, 9, 9.75, 12], "texture": "#1"},
				"south": {"uv": [6, 8, 6.5, 11], "texture": "#1"},
				"west": {"uv": [9.75, 9, 10, 12], "texture": "#1"},
				"up": {"uv": [11.5, 9, 11, 8.75], "texture": "#1"},
				"down": {"uv": [9.5, 11, 9, 11.25], "texture": "#1"}
			}
		},
		{
			"from": [11.055, 13.385, 17.06],
			"to": [13.065, 14.39, 18.065],
			"rotation": {"angle": 0, "axis": "y", "origin": [0, 3, 5]},
			"faces": {
				"north": {"uv": [11, 9.75, 11.5, 10], "texture": "#1"},
				"east": {"uv": [11.25, 11.25, 11.5, 11.5], "texture": "#1"},
				"south": {"uv": [11, 10, 11.5, 10.25], "texture": "#1"},
				"west": {"uv": [0, 11.5, 0.25, 11.75], "texture": "#1"},
				"up": {"uv": [11.5, 10.5, 11, 10.25], "texture": "#1"},
				"down": {"uv": [11, 11, 10.5, 11.25], "texture": "#1"}
			}
		},
		{
			"from": [3.015, 13.385, 17.06],
			"to": [5.025, 14.39, 18.065],
			"rotation": {"angle": 0, "axis": "y", "origin": [0, 3, 5]},
			"faces": {
				"north": {"uv": [11, 10.5, 11.5, 10.75], "texture": "#1"},
				"east": {"uv": [11.5, 0, 11.75, 0.25], "texture": "#1"},
				"south": {"uv": [11, 10.75, 11.5, 11], "texture": "#1"},
				"west": {"uv": [0.25, 11.5, 0.5, 11.75], "texture": "#1"},
				"up": {"uv": [11.5, 11.25, 11, 11], "texture": "#1"},
				"down": {"uv": [11.75, 1, 11.25, 1.25], "texture": "#1"}
			}
		},
		{
			"from": [3.015, 16.4, 17.06],
			"to": [13.065, 17.405, 18.065],
			"rotation": {"angle": 0, "axis": "y", "origin": [0, 3, 5]},
			"faces": {
				"north": {"uv": [10, 4.25, 12.5, 4.5], "texture": "#1"},
				"east": {"uv": [11.5, 0.25, 11.75, 0.5], "texture": "#1"},
				"south": {"uv": [10, 4.5, 12.5, 4.75], "texture": "#1"},
				"west": {"uv": [0.5, 11.5, 0.75, 11.75], "texture": "#1"},
				"up": {"uv": [12.5, 5, 10, 4.75], "texture": "#1"},
				"down": {"uv": [12.5, 5, 10, 5.25], "texture": "#1"}
			}
		},
		{
			"from": [3.015, 14.39, 17.06],
			"to": [13.065, 16.4, 18.065],
			"rotation": {"angle": 0, "axis": "y", "origin": [0, 3, 5]},
			"faces": {
				"north": {"uv": [7, 5.5, 9.5, 6], "texture": "#1"},
				"east": {"uv": [10, 11, 10.25, 11.5], "texture": "#1"},
				"south": {"uv": [8.5, 3, 11, 3.5], "texture": "#1"},
				"west": {"uv": [1.75, 11.25, 2, 11.75], "texture": "#1"},
				"up": {"uv": [12.5, 5.5, 10, 5.25], "texture": "#1"},
				"down": {"uv": [12.5, 5.5, 10, 5.75], "texture": "#1"}
			}
		},
		{
			"from": [3.015, 3.93104, 17.54663],
			"to": [13.065, 11.97104, 18.55163],
			"rotation": {"angle": -22.5, "axis": "x", "origin": [0, 15.99104, 4.14663]},
			"faces": {
				"north": {"uv": [8.5, 4, 6, 2], "rotation": 180, "texture": "#1"},
				"east": {"uv": [10, 6.75, 12, 7], "rotation": 270, "texture": "#1"},
				"south": {"uv": [8.5, 4, 6, 2], "texture": "#1"},
				"west": {"uv": [10, 7, 12, 7.25], "rotation": 90, "texture": "#1"},
				"up": {"uv": [6, 4, 8.5, 2], "rotation": 180, "texture": "#1"},
				"down": {"uv": [8.5, 4, 6, 2], "texture": "#1"}
			}
		},
		{
			"from": [16.08, 0.32, 12.035],
			"to": [16.5825, 8.36, 14.045],
			"rotation": {"angle": 0, "axis": "y", "origin": [0, 3, 5]},
			"faces": {
				"north": {"uv": [4, 10, 4.25, 12], "texture": "#1"},
				"east": {"uv": [9, 0, 9.5, 2], "texture": "#1"},
				"south": {"uv": [4.25, 10, 4.5, 12], "texture": "#1"},
				"west": {"uv": [8, 9, 8.5, 11], "texture": "#1"},
				"up": {"uv": [2.25, 11.75, 2, 11.25], "texture": "#1"},
				"down": {"uv": [2.5, 11.25, 2.25, 11.75], "texture": "#1"}
			}
		},
		{
			"from": [14.07, 1.325, 10.025],
			"to": [16.08, 9.365, 16.055],
			"rotation": {"angle": 0, "axis": "y", "origin": [0, 3, 5]},
			"faces": {
				"north": {"uv": [8.5, 9, 9, 11], "texture": "#1"},
				"east": {"uv": [6.5, 7.5, 8, 9.5], "texture": "#1"},
				"south": {"uv": [9, 9, 9.5, 11], "texture": "#1"},
				"west": {"uv": [0, 8, 1.5, 10], "texture": "#1"},
				"up": {"uv": [9.5, 7.5, 9, 6], "texture": "#1"},
				"down": {"uv": [10, 6, 9.5, 7.5], "texture": "#1"}
			}
		},
		{
			"from": [10.05, 0.32, 6.5075],
			"to": [11.055, 6.35, 7.01],
			"rotation": {"angle": 0, "axis": "y", "origin": [0, 3, 5]},
			"faces": {
				"north": {"uv": [2.75, 10.25, 3, 11.75], "texture": "#1"},
				"east": {"uv": [3, 10.25, 3.25, 11.75], "texture": "#1"},
				"south": {"uv": [3.25, 10.25, 3.5, 11.75], "texture": "#1"},
				"west": {"uv": [3.5, 10.25, 3.75, 11.75], "texture": "#1"},
				"up": {"uv": [11.75, 0.75, 11.5, 0.5], "texture": "#1"},
				"down": {"uv": [1, 11.5, 0.75, 11.75], "texture": "#1"}
			}
		},
		{
			"from": [0, 1.325, 10.025],
			"to": [2.01, 9.365, 16.055],
			"rotation": {"angle": 0, "axis": "y", "origin": [0, 3, 5]},
			"faces": {
				"north": {"uv": [9.5, 0, 10, 2], "texture": "#1"},
				"east": {"uv": [1.5, 8, 3, 10], "texture": "#1"},
				"south": {"uv": [9.5, 4, 10, 6], "texture": "#1"},
				"west": {"uv": [3, 8, 4.5, 10], "texture": "#1"},
				"up": {"uv": [0.5, 11.5, 0, 10], "texture": "#1"},
				"down": {"uv": [10.5, 0, 10, 1.5], "texture": "#1"}
			}
		},
		{
			"from": [-0.5025, 0.32, 12.035],
			"to": [0, 8.36, 14.045],
			"rotation": {"angle": 0, "axis": "y", "origin": [0, 3, 5]},
			"faces": {
				"north": {"uv": [10, 9, 10.25, 11], "texture": "#1"},
				"east": {"uv": [6.5, 9.5, 7, 11.5], "texture": "#1"},
				"south": {"uv": [1.5, 10.25, 1.75, 12.25], "texture": "#1"},
				"west": {"uv": [7, 9.5, 7.5, 11.5], "texture": "#1"},
				"up": {"uv": [2.75, 11.75, 2.5, 11.25], "texture": "#1"},
				"down": {"uv": [4.75, 11.25, 4.5, 11.75], "texture": "#1"}
			}
		},
		{
			"from": [5.025, 0.32, 6.5075],
			"to": [6.03, 6.35, 7.01],
			"rotation": {"angle": 0, "axis": "y", "origin": [0, 3, 5]},
			"faces": {
				"north": {"uv": [3.75, 10.25, 4, 11.75], "texture": "#1"},
				"east": {"uv": [10.25, 9.75, 10.5, 11.25], "texture": "#1"},
				"south": {"uv": [10.5, 0, 10.75, 1.5], "texture": "#1"},
				"west": {"uv": [10.5, 7.5, 10.75, 9], "texture": "#1"},
				"up": {"uv": [11.75, 1, 11.5, 0.75], "texture": "#1"},
				"down": {"uv": [1.25, 11.5, 1, 11.75], "texture": "#1"}
			}
		},
		{
			"from": [7.035, 7.355, 8.5175],
			"to": [9.045, 11.375, 9.02],
			"rotation": {"angle": 0, "axis": "y", "origin": [0, 3, 5]},
			"faces": {
				"north": {"uv": [1.75, 10.25, 2.25, 11.25], "texture": "#1"},
				"east": {"uv": [10.5, 9.75, 10.75, 10.75], "texture": "#1"},
				"south": {"uv": [2.25, 10.25, 2.75, 11.25], "texture": "#1"},
				"west": {"uv": [10.75, 0, 11, 1], "texture": "#1"},
				"up": {"uv": [10.5, 10.75, 11, 11], "texture": "#1"},
				"down": {"uv": [5.25, 11.25, 4.75, 11.5], "texture": "#1"}
			}
		},
		{
			"from": [3.015, 1.325, 7.01],
			"to": [13.065, 7.355, 9.02],
			"rotation": {"angle": 0, "axis": "y", "origin": [0, 3, 5]},
			"faces": {
				"north": {"uv": [6.5, 6, 9, 7.5], "texture": "#1"},
				"east": {"uv": [0.5, 10, 1, 11.5], "texture": "#1"},
				"south": {"uv": [7, 4, 9.5, 5.5], "texture": "#1"},
				"west": {"uv": [1, 10, 1.5, 11.5], "texture": "#1"},
				"up": {"uv": [11, 4, 8.5, 3.5], "texture": "#1"},
				"down": {"uv": [10.5, 8.5, 8, 9], "texture": "#1"}
			}
		},
		{
			"from": [2.01, 0.32, 9.02],
			"to": [14.07, 16.4, 17.06],
			"rotation": {"angle": 0, "axis": "y", "origin": [0, 3, 5]},
			"faces": {
				"north": {"uv": [6, 4, 8.5, 2], "texture": "#1"},
				"east": {"uv": [0, 4, 2, 8], "texture": "#1"},
				"south": {"uv": [3, 0, 6, 4], "texture": "#1"},
				"west": {"uv": [2, 4, 4, 8], "texture": "#1"},
				"up": {"uv": [1.5, 10, 0, 8], "rotation": 90, "texture": "#1"},
				"down": {"uv": [9, 0, 6, 2], "texture": "#1"}
			}
		}
	],
	"gui_light": "front",
	"display": {
		"thirdperson_righthand": {
			"rotation": [74, 99, -3],
			"translation": [-0.75, -1, -2.5],
			"scale": [0.4, 0.4, 0.4]
		},
		"thirdperson_lefthand": {
			"rotation": [79, -180, -1],
			"translation": [-4.75, -1.25, -0.75],
			"scale": [0.65, 0.65, 0.65]
		},
		"firstperson_righthand": {
			"rotation": [0, 102, 0],
			"translation": [-0.25, 0, 0],
			"scale": [0.5, 0.5, 0.5]
		},
		"firstperson_lefthand": {
			"rotation": [30, -180, 0],
			"translation": [-9.25, -1.5, 0],
			"scale": [0.7, 0.7, 0.7]
		},
		"ground": {
			"rotation": [-90, -180, 0],
			"translation": [0, 3.5, 2],
			"scale": [0.65, 0.65, 0.65]
		},
		"gui": {
			"rotation": [45, -180, 0],
			"translation": [0, -3.5, 0],
			"scale": [0.8, 0.8, 0.8]
		},
		"head": {
			"rotation": [0, -180, 0],
			"translation": [0, 0, 16]
		},
		"fixed": {
			"translation": [0, -0.5, -7.25]
		}
	},
	"groups": [
		{
			"name": "group",
			"origin": [8, 8, 8],
			"color": 0,
			"nbt": "{}",
			"children": [0, 1, 2, 3, 4, 5, 6, 7, 8, 9, 10, 11, 12, 13, 14, 15, 16, 17, 18, 19, 20]
		}
	]
}