{
  "multipart": [
    {
      "apply": [
        {
          "model": "illagerexp:block/magic_fire_floor"
        }
      ]
    },
    {
      "apply": [
        {
          "model": "illagerexp:block/magic_fire_side"
        },
        {
          "model": "illagerexp:block/magic_fire_side_alt"
        }
      ]
    },
    {
      "apply": [
        {
          "model": "illagerexp:block/magic_fire_side",
          "y": 90
        },
        {
          "model": "illagerexp:block/magic_fire_side_alt",
          "y": 90
        }
      ]
    },
    {
      "apply": [
        {
          "model": "illagerexp:block/magic_fire_side",
          "y": 180
        },
        {
          "model": "illagerexp:block/magic_fire_side_alt",
          "y": 180
        }
      ]
    },
    {
      "apply": [
        {
          "model": "illagerexp:block/magic_fire_side",
          "y": 270
        },
        {
          "model": "illagerexp:block/magic_fire_side_alt",
          "y": 270
        }
      ]
    }
  ]
}
