{
  "providers": [
    {
      "type": "space",
      "advances": {
        " ": 4,
        "\uf902": -1
      }
    },
    {
      "type": "bitmap",
      "file": "jmmf:nutritionbook/full_hunger.png",
      "ascent": 7,
      "height": 9,
      "chars": [
        "\uf001"
      ]
    },
    {
      "type": "bitmap",
      "file": "jmmf:nutritionbook/half_hunger.png",
      "ascent": 7,
      "height": 9,
      "chars": [
        "\uf002"
      ]
    },
    {
      "type": "bitmap",
      "file": "jmmf:nutritionbook/full_saturation.png",
      "ascent": 6,
      "height": 7,
      "chars": [
        "\uf003"
      ]
    },
    {
      "type": "bitmap",
      "file": "jmmf:nutritionbook/half_saturation.png",
      "ascent": 6,
      "height": 7,
      "chars": [
        "\uf004"
      ]
    }
  ]
}
