{
  "parent": "item/generated",
  "textures": {
    "layer0": "item/bread"
  },
  "overrides": [
    {
      "predicate": {
        "custom_model_data": 481070
      },
      "model": "jmmf:item/bread/carrot_bread"
    },
    {
      "predicate": {
        "custom_model_data": 481071
      },
      "model": "jmmf:item/bread/beetroot_bread"
    },
    {
      "predicate": {
        "custom_model_data": 481072
      },
      "model": "jmmf:item/bread/potato_bread"
    },
    {
      "predicate": {
        "custom_model_data": 481073
      },
      "model": "jmmf:item/bread/sweet_roll"
    },
    {
      "predicate": {
        "custom_model_data": 481074
      },
      "model": "jmmf:item/bread/bagel"
    }
  ]
}
