{
  "parent": "item/generated",
  "textures": {
    "layer0": "item/firework_star",
    "layer1": "item/firework_star_overlay"
  },
  "overrides": [
    {
      "model": "polyfactory:item/windmill_sail",
      "predicate": {
        "custom_model_data": 2
      }
    },
    {
      "model": "polyfactory:item/cable",
      "predicate": {
        "custom_model_data": 3
      }
    },
    {
      "model": "polyfactory:item/colored_lamp",
      "predicate": {
        "custom_model_data": 4
      }
    },
    {
      "model": "polyfactory:item/inverted_colored_lamp",
      "predicate": {
        "custom_model_data": 5
      }
    },
    {
      "model": "polyfactory:item/caged_lamp",
      "predicate": {
        "custom_model_data": 6
      }
    },
    {
      "model": "polyfactory:item/inverted_caged_lamp",
      "predicate": {
        "custom_model_data": 7
      }
    },
    {
      "model": "polyfactory:item/artificial_dye",
      "predicate": {
        "custom_model_data": 8
      }
    },
    {
      "predicate": {
        "custom_model_data": 9
      },
      "model": "item/book_left"
    },
    {
      "predicate": {
        "custom_model_data": 10
      },
      "model": "item/book_right"
    },
    {
      "predicate": {
        "custom_model_data": 11
      },
      "model": "item/book_page"
    }
  ]
}
