{
  "parent": "minecraft:item/generated",
  "textures": {
    "layer0": "minecraft:item/flint"
  },
  "overrides": [
    {
      "model": "polydecorations:block/spruce_shelf_double",
      "predicate": {
        "custom_model_data": 2
      }
    },
    {
      "model": "polydecorations:block/mangrove_shelf_top",
      "predicate": {
        "custom_model_data": 3
      }
    },
    {
      "model": "polydecorations:item/crimson_shelf",
      "predicate": {
        "custom_model_data": 4
      }
    },
    {
      "model": "polydecorations:item/oak_bench",
      "predicate": {
        "custom_model_data": 5
      }
    },
    {
      "model": "polydecorations:item/bamboo_tool_rack",
      "predicate": {
        "custom_model_data": 6
      }
    },
    {
      "model": "polydecorations:item/dark_oak_mailbox",
      "predicate": {
        "custom_model_data": 7
      }
    },
    {
      "model": "polydecorations:item/mangrove_sign_post",
      "predicate": {
        "custom_model_data": 8
      }
    },
    {
      "model": "polydecorations:item/large_flower_pot",
      "predicate": {
        "custom_model_data": 9
      }
    },
    {
      "model": "polydecorations:item/tuff_bricks_statue",
      "predicate": {
        "custom_model_data": 10
      }
    },
    {
      "model": "polydecorations:item/green_terracotta_statue",
      "predicate": {
        "custom_model_data": 11
      }
    },
    {
      "model": "polyfactory:item/conveyor",
      "predicate": {
        "custom_model_data": 12
      }
    },
    {
      "model": "polyfactory:item/turntable",
      "predicate": {
        "custom_model_data": 13
      }
    },
    {
      "model": "polyfactory:item/generic_machine_part",
      "predicate": {
        "custom_model_data": 14
      }
    },
    {
      "model": "polyfactory:item/arithmetic_operator",
      "predicate": {
        "custom_model_data": 15
      }
    },
    {
      "model": "polyfactory:item/crushed_raw_iron",
      "predicate": {
        "custom_model_data": 16
      }
    }
  ]
}
