{
  "parent": "minecraft:block/green_carpet",
  "overrides": [
    {
      "model": "polyfactory:block/gen/conveyor_up_1",
      "predicate": {
        "custom_model_data": 2
      }
    },
    {
      "model": "polyfactory:block/gen/sticky_conveyor_6",
      "predicate": {
        "custom_model_data": 3
      }
    },
    {
      "model": "polyfactory:block/gen/sticky_conveyor_down_11",
      "predicate": {
        "custom_model_data": 4
      }
    },
    {
      "model": "polyfactory:block/gen/conveyor_up_1/1",
      "predicate": {
        "custom_model_data": 5
      }
    },
    {
      "model": "polyfactory:block/gen/sticky_conveyor_6/1",
      "predicate": {
        "custom_model_data": 6
      }
    },
    {
      "model": "polyfactory:block/gen/sticky_conveyor_down_11/1",
      "predicate": {
        "custom_model_data": 7
      }
    },
    {
      "model": "polyfactory:block/gen/conveyor_up_1/2",
      "predicate": {
        "custom_model_data": 8
      }
    },
    {
      "model": "polyfactory:block/gen/sticky_conveyor_6/2",
      "predicate": {
        "custom_model_data": 9
      }
    },
    {
      "model": "polyfactory:block/gen/sticky_conveyor_down_11/2",
      "predicate": {
        "custom_model_data": 10
      }
    },
    {
      "model": "polyfactory:block/gen/conveyor_up_1/3",
      "predicate": {
        "custom_model_data": 11
      }
    },
    {
      "model": "polyfactory:block/gen/sticky_conveyor_6/3",
      "predicate": {
        "custom_model_data": 12
      }
    },
    {
      "model": "polyfactory:block/gen/sticky_conveyor_down_11/3",
      "predicate": {
        "custom_model_data": 13
      }
    },
    {
      "model": "polyfactory:block/gen/conveyor_up_1/4",
      "predicate": {
        "custom_model_data": 14
      }
    },
    {
      "model": "polyfactory:block/gen/sticky_conveyor_6/4",
      "predicate": {
        "custom_model_data": 15
      }
    },
    {
      "model": "polyfactory:block/gen/sticky_conveyor_down_11/4",
      "predicate": {
        "custom_model_data": 16
      }
    },
    {
      "model": "polyfactory:block/gen/conveyor_up_1/5",
      "predicate": {
        "custom_model_data": 17
      }
    },
    {
      "model": "polyfactory:block/gen/sticky_conveyor_6/5",
      "predicate": {
        "custom_model_data": 18
      }
    },
    {
      "model": "polyfactory:block/gen/sticky_conveyor_down_11/5",
      "predicate": {
        "custom_model_data": 19
      }
    },
    {
      "model": "polyfactory:block/gen/conveyor_up_1/6",
      "predicate": {
        "custom_model_data": 20
      }
    },
    {
      "model": "polyfactory:block/gen/sticky_conveyor_6/6",
      "predicate": {
        "custom_model_data": 21
      }
    },
    {
      "model": "polyfactory:block/gen/sticky_conveyor_down_11/6",
      "predicate": {
        "custom_model_data": 22
      }
    },
    {
      "model": "polyfactory:block/gen/conveyor_up_1/7",
      "predicate": {
        "custom_model_data": 23
      }
    },
    {
      "model": "polyfactory:block/gen/sticky_conveyor_6/7",
      "predicate": {
        "custom_model_data": 24
      }
    },
    {
      "model": "polyfactory:block/gen/sticky_conveyor_down_11/7",
      "predicate": {
        "custom_model_data": 25
      }
    },
    {
      "model": "polyfactory:block/gen/conveyor_up_1/8",
      "predicate": {
        "custom_model_data": 26
      }
    },
    {
      "model": "polyfactory:block/gen/sticky_conveyor_6/8",
      "predicate": {
        "custom_model_data": 27
      }
    },
    {
      "model": "polyfactory:block/gen/sticky_conveyor_down_11/8",
      "predicate": {
        "custom_model_data": 28
      }
    },
    {
      "model": "polyfactory:block/gen/conveyor_up_1/9",
      "predicate": {
        "custom_model_data": 29
      }
    },
    {
      "model": "polyfactory:block/gen/sticky_conveyor_6/9",
      "predicate": {
        "custom_model_data": 30
      }
    },
    {
      "model": "polyfactory:block/gen/sticky_conveyor_down_11/9",
      "predicate": {
        "custom_model_data": 31
      }
    },
    {
      "model": "polyfactory:block/gen/conveyor_up_1/10",
      "predicate": {
        "custom_model_data": 32
      }
    },
    {
      "model": "polyfactory:block/gen/sticky_conveyor_6/10",
      "predicate": {
        "custom_model_data": 33
      }
    },
    {
      "model": "polyfactory:block/gen/sticky_conveyor_down_11/10",
      "predicate": {
        "custom_model_data": 34
      }
    },
    {
      "model": "polyfactory:block/gen/conveyor_up_1/11",
      "predicate": {
        "custom_model_data": 35
      }
    },
    {
      "model": "polyfactory:block/gen/sticky_conveyor_6/11",
      "predicate": {
        "custom_model_data": 36
      }
    },
    {
      "model": "polyfactory:block/gen/sticky_conveyor_down_11/11",
      "predicate": {
        "custom_model_data": 37
      }
    },
    {
      "model": "polyfactory:block/gen/conveyor_up_1/12",
      "predicate": {
        "custom_model_data": 38
      }
    },
    {
      "model": "polyfactory:block/gen/sticky_conveyor_6/12",
      "predicate": {
        "custom_model_data": 39
      }
    },
    {
      "model": "polyfactory:block/gen/sticky_conveyor_down_11/12",
      "predicate": {
        "custom_model_data": 40
      }
    },
    {
      "model": "polyfactory:block/gen/conveyor_up_1/13",
      "predicate": {
        "custom_model_data": 41
      }
    },
    {
      "model": "polyfactory:block/gen/sticky_conveyor_6/13",
      "predicate": {
        "custom_model_data": 42
      }
    },
    {
      "model": "polyfactory:block/gen/sticky_conveyor_down_11/13",
      "predicate": {
        "custom_model_data": 43
      }
    },
    {
      "model": "polyfactory:block/gen/conveyor_up_1/14",
      "predicate": {
        "custom_model_data": 44
      }
    },
    {
      "model": "polyfactory:block/gen/sticky_conveyor_6/14",
      "predicate": {
        "custom_model_data": 45
      }
    },
    {
      "model": "polyfactory:block/gen/sticky_conveyor_down_11/14",
      "predicate": {
        "custom_model_data": 46
      }
    },
    {
      "model": "polyfactory:block/gen/conveyor_up_1/15",
      "predicate": {
        "custom_model_data": 47
      }
    },
    {
      "model": "polyfactory:block/gen/sticky_conveyor_6/15",
      "predicate": {
        "custom_model_data": 48
      }
    },
    {
      "model": "polyfactory:block/gen/sticky_conveyor_down_11/15",
      "predicate": {
        "custom_model_data": 49
      }
    },
    {
      "model": "polyfactory:block/gen/conveyor_up_1/16",
      "predicate": {
        "custom_model_data": 50
      }
    },
    {
      "model": "polyfactory:block/gen/sticky_conveyor_6/16",
      "predicate": {
        "custom_model_data": 51
      }
    },
    {
      "model": "polyfactory:block/gen/sticky_conveyor_down_11/16",
      "predicate": {
        "custom_model_data": 52
      }
    },
    {
      "model": "polyfactory:block/gen/conveyor_up_1/17",
      "predicate": {
        "custom_model_data": 53
      }
    },
    {
      "model": "polyfactory:block/gen/sticky_conveyor_6/17",
      "predicate": {
        "custom_model_data": 54
      }
    },
    {
      "model": "polyfactory:block/gen/sticky_conveyor_down_11/17",
      "predicate": {
        "custom_model_data": 55
      }
    },
    {
      "model": "polyfactory:block/gen/conveyor_up_1/18",
      "predicate": {
        "custom_model_data": 56
      }
    },
    {
      "model": "polyfactory:block/gen/sticky_conveyor_6/18",
      "predicate": {
        "custom_model_data": 57
      }
    },
    {
      "model": "polyfactory:block/gen/sticky_conveyor_down_11/18",
      "predicate": {
        "custom_model_data": 58
      }
    },
    {
      "model": "polyfactory:block/gen/conveyor_up_1/19",
      "predicate": {
        "custom_model_data": 59
      }
    },
    {
      "model": "polyfactory:block/gen/sticky_conveyor_6/19",
      "predicate": {
        "custom_model_data": 60
      }
    },
    {
      "model": "polyfactory:block/gen/sticky_conveyor_down_11/19",
      "predicate": {
        "custom_model_data": 61
      }
    },
    {
      "model": "polyfactory:block/gen/conveyor_up_1/20",
      "predicate": {
        "custom_model_data": 62
      }
    },
    {
      "model": "polyfactory:block/gen/sticky_conveyor_6/20",
      "predicate": {
        "custom_model_data": 63
      }
    },
    {
      "model": "polyfactory:block/gen/sticky_conveyor_down_11/20",
      "predicate": {
        "custom_model_data": 64
      }
    }
  ]
}
