{
  "parent": "minecraft:item/generated",
  "textures": {
    "layer0": "minecraft:item/leather"
  },
  "overrides": [
    {
      "model": "polydecorations:block/acacia_shelf_top",
      "predicate": {
        "custom_model_data": 2
      }
    },
    {
      "model": "polydecorations:block/bamboo_shelf_double",
      "predicate": {
        "custom_model_data": 3
      }
    },
    {
      "model": "polydecorations:item/mangrove_shelf",
      "predicate": {
        "custom_model_data": 4
      }
    },
    {
      "model": "polydecorations:item/acacia_table",
      "predicate": {
        "custom_model_data": 5
      }
    },
    {
      "model": "polydecorations:item/crimson_tool_rack",
      "predicate": {
        "custom_model_data": 6
      }
    },
    {
      "model": "polydecorations:item/oak_mailbox",
      "predicate": {
        "custom_model_data": 7
      }
    },
    {
      "model": "polydecorations:item/spruce_statue",
      "predicate": {
        "custom_model_data": 8
      }
    },
    {
      "model": "polydecorations:item/deepslate_statue",
      "predicate": {
        "custom_model_data": 9
      }
    },
    {
      "model": "polydecorations:item/orange_terracotta_statue",
      "predicate": {
        "custom_model_data": 10
      }
    },
    {
      "model": "polydecorations:block/lantern_support",
      "predicate": {
        "custom_model_data": 11
      }
    },
    {
      "model": "polyfactory:item/splitter",
      "predicate": {
        "custom_model_data": 12
      }
    },
    {
      "model": "polyfactory:item/wooden_container",
      "predicate": {
        "custom_model_data": 13
      }
    },
    {
      "model": "polyfactory:item/redstone_chip",
      "predicate": {
        "custom_model_data": 14
      }
    },
    {
      "model": "polyfactory:item/hologram_projector",
      "predicate": {
        "custom_model_data": 15
      }
    },
    {
      "model": "polyfactory:item/spray_can_empty",
      "predicate": {
        "custom_model_data": 16
      }
    }
  ]
}
