{
  "parent": "minecraft:item/handheld",
  "textures": {
    "layer0": "minecraft:item/netherite_sword"
  },
  "overrides": [
    {
      "model": "illagerexp:item/platinum_infused_netherite_sword",
      "predicate": {
        "custom_model_data": 2
      }
    },
    {
      "predicate": {
        "custom_model_data": 3
      },
      "model": "jmmf:item/knife/netherite_knife"
    },
    {
      "predicate": {
        "custom_model_data": 4
      },
      "model": "jmmf:item/knife/netherite_knife"
    }
  ]
}
