{
  "parent": "minecraft:item/generated",
  "textures": {
    "layer0": "minecraft:item/phantom_membrane"
  },
  "overrides": [
    {
      "model": "polydecorations:block/cherry_shelf_double",
      "predicate": {
        "custom_model_data": 2
      }
    },
    {
      "model": "polydecorations:item/trowel",
      "predicate": {
        "custom_model_data": 3
      }
    },
    {
      "model": "polydecorations:item/warped_shelf",
      "predicate": {
        "custom_model_data": 4
      }
    },
    {
      "model": "polydecorations:item/cherry_table",
      "predicate": {
        "custom_model_data": 5
      }
    },
    {
      "model": "polydecorations:item/mangrove_tool_rack",
      "predicate": {
        "custom_model_data": 6
      }
    },
    {
      "model": "polydecorations:item/oak_sign_post",
      "predicate": {
        "custom_model_data": 7
      }
    },
    {
      "model": "polydecorations:item/cherry_statue",
      "predicate": {
        "custom_model_data": 8
      }
    },
    {
      "model": "polydecorations:item/sandstone_statue",
      "predicate": {
        "custom_model_data": 9
      }
    },
    {
      "model": "polydecorations:item/yellow_terracotta_statue",
      "predicate": {
        "custom_model_data": 10
      }
    },
    {
      "model": "polydecorations:block/unlit_brazier",
      "predicate": {
        "custom_model_data": 11
      }
    },
    {
      "model": "polyfactory:item/steam_engine",
      "predicate": {
        "custom_model_data": 12
      }
    },
    {
      "model": "polyfactory:item/netherrack_dust",
      "predicate": {
        "custom_model_data": 13
      }
    },
    {
      "model": "polyfactory:item/rot_debug",
      "predicate": {
        "custom_model_data": 14
      }
    },
    {
      "model": "polyfactory:item/steel_button",
      "predicate": {
        "custom_model_data": 15
      }
    },
    {
      "model": "polyfactory:block/planter_output",
      "predicate": {
        "custom_model_data": 16
      }
    }
  ]
}
