{
  "parent": "minecraft:item/generated",
  "textures": {
    "layer0": "minecraft:item/turtle_scute"
  },
  "overrides": [
    {
      "model": "polydecorations:block/birch_shelf_double",
      "predicate": {
        "custom_model_data": 2
      }
    },
    {
      "model": "polydecorations:block/bamboo_shelf_top",
      "predicate": {
        "custom_model_data": 3
      }
    },
    {
      "model": "polydecorations:item/jungle_shelf",
      "predicate": {
        "custom_model_data": 4
      }
    },
    {
      "model": "polydecorations:item/warped_bench",
      "predicate": {
        "custom_model_data": 5
      }
    },
    {
      "model": "polydecorations:item/cherry_tool_rack",
      "predicate": {
        "custom_model_data": 6
      }
    },
    {
      "model": "polydecorations:item/mangrove_mailbox",
      "predicate": {
        "custom_model_data": 7
      }
    },
    {
      "model": "polydecorations:item/oak_statue",
      "predicate": {
        "custom_model_data": 8
      }
    },
    {
      "model": "polydecorations:item/stone_statue",
      "predicate": {
        "custom_model_data": 9
      }
    },
    {
      "model": "polydecorations:item/white_terracotta_statue",
      "predicate": {
        "custom_model_data": 10
      }
    },
    {
      "model": "polydecorations:item/black_terracotta_statue",
      "predicate": {
        "custom_model_data": 11
      }
    },
    {
      "model": "polyfactory:item/funnel",
      "predicate": {
        "custom_model_data": 12
      }
    },
    {
      "model": "polyfactory:item/clutch",
      "predicate": {
        "custom_model_data": 13
      }
    },
    {
      "model": "polyfactory:item/integrated_circuit",
      "predicate": {
        "custom_model_data": 14
      }
    },
    {
      "model": "polyfactory:item/nixie_tube_controller",
      "predicate": {
        "custom_model_data": 15
      }
    },
    {
      "model": "polyfactory:item/crushed_raw_gold",
      "predicate": {
        "custom_model_data": 16
      }
    }
  ]
}
