{
  "credit": "Created by SilentPaltos",
  "texture_size": [
    32,
    32
  ],
  "textures": {
    "3": "phantomcatcher:entity/phantomcatcher/knot",
    "5": "phantomcatcher:entity/phantomcatcher/stick",
    "6": "phantomcatcher:entity/phantomcatcher/string",
    "7": "phantomcatcher:entity/phantomcatcher/feathers"
  },
  "elements": [
    {
      "name": "feather",
      "from": [
        2.5,
        2.8,
        8
      ],
      "to": [
        4.5,
        9.8,
        8
      ],
      "rotation": {
        "angle": 0,
        "axis": "y",
        "origin": [
          0,
          -2,
          0.5
        ]
      },
      "faces": {
        "north": {
          "uv": [
            8,
            0,
            10.66667,
            9.33333
          ],
          "texture": "#7"
        },
        "east": {
          "uv": [
            0,
            0,
            0,
            3.5
          ],
          "texture": "#7"
        },
        "south": {
          "uv": [
            12,
            0,
            14.66667,
            9.33333
          ],
          "texture": "#7"
        },
        "west": {
          "uv": [
            0,
            0,
            0,
            3.5
          ],
          "texture": "#7"
        },
        "up": {
          "uv": [
            1,
            0,
            0,
            0
          ],
          "texture": "#7"
        },
        "down": {
          "uv": [
            1,
            0,
            0,
            0
          ],
          "texture": "#7"
        }
      }
    },
    {
      "name": "feather",
      "from": [
        11.5,
        3.9,
        8
      ],
      "to": [
        13.5,
        9.9,
        8
      ],
      "rotation": {
        "angle": 0,
        "axis": "y",
        "origin": [
          0,
          0,
          0.5
        ]
      },
      "faces": {
        "north": {
          "uv": [
            0,
            0,
            2.66667,
            8
          ],
          "texture": "#7"
        },
        "east": {
          "uv": [
            0,
            0,
            0,
            3
          ],
          "texture": "#7"
        },
        "south": {
          "uv": [
            4,
            0,
            6.66667,
            8
          ],
          "texture": "#7"
        },
        "west": {
          "uv": [
            0,
            0,
            0,
            3
          ],
          "texture": "#7"
        },
        "up": {
          "uv": [
            1,
            0,
            0,
            0
          ],
          "texture": "#7"
        },
        "down": {
          "uv": [
            1,
            0,
            0,
            0
          ],
          "texture": "#7"
        }
      }
    },
    {
      "name": "feather",
      "from": [
        7,
        0.3,
        8
      ],
      "to": [
        9,
        5.3,
        8
      ],
      "rotation": {
        "angle": 0,
        "axis": "y",
        "origin": [
          0,
          0,
          0.5
        ]
      },
      "faces": {
        "north": {
          "uv": [
            0,
            9.33333,
            2.66667,
            16
          ],
          "texture": "#7"
        },
        "east": {
          "uv": [
            0,
            0,
            0,
            2.5
          ],
          "texture": "#7"
        },
        "south": {
          "uv": [
            4,
            9.33333,
            6.66667,
            16
          ],
          "texture": "#7"
        },
        "west": {
          "uv": [
            0,
            0,
            0,
            2.5
          ],
          "texture": "#7"
        },
        "up": {
          "uv": [
            1,
            0,
            0,
            0
          ],
          "texture": "#7"
        },
        "down": {
          "uv": [
            1,
            0,
            0,
            0
          ],
          "texture": "#7"
        }
      }
    },
    {
      "name": "stick",
      "from": [
        8.5,
        -2.7,
        7.5
      ],
      "to": [
        9.5,
        5.3,
        8.5
      ],
      "rotation": {
        "angle": 45,
        "axis": "z",
        "origin": [
          -0.5,
          0.8,
          0
        ]
      },
      "faces": {
        "north": {
          "uv": [
            0,
            0,
            1.77778,
            14.22222
          ],
          "texture": "#5"
        },
        "east": {
          "uv": [
            1.77778,
            0,
            3.55556,
            14.22222
          ],
          "texture": "#5"
        },
        "south": {
          "uv": [
            3.55556,
            0,
            5.33333,
            14.22222
          ],
          "texture": "#5"
        },
        "west": {
          "uv": [
            5.33333,
            0,
            7.11111,
            14.22222
          ],
          "texture": "#5"
        },
        "up": {
          "uv": [
            1.77778,
            14.22222,
            3.55556,
            16
          ],
          "texture": "#5"
        },
        "down": {
          "uv": [
            3.55556,
            14.22222,
            5.33333,
            16
          ],
          "texture": "#5"
        }
      }
    },
    {
      "name": "stick",
      "from": [
        14.5,
        -2.7,
        7.5
      ],
      "to": [
        15.5,
        5.3,
        8.5
      ],
      "rotation": {
        "angle": 45,
        "axis": "z",
        "origin": [
          -0.5,
          0.8,
          0
        ]
      },
      "faces": {
        "north": {
          "uv": [
            0,
            0,
            1.77778,
            14.22222
          ],
          "texture": "#5"
        },
        "east": {
          "uv": [
            1.77778,
            0,
            3.27778,
            14.22222
          ],
          "texture": "#5"
        },
        "south": {
          "uv": [
            3.55556,
            0,
            5.33333,
            14.22222
          ],
          "texture": "#5"
        },
        "west": {
          "uv": [
            5.33333,
            0,
            7.11111,
            14.22222
          ],
          "texture": "#5"
        },
        "up": {
          "uv": [
            3.55556,
            16,
            1.77778,
            14.22222
          ],
          "texture": "#5"
        },
        "down": {
          "uv": [
            5.33333,
            14.22222,
            3.55556,
            16
          ],
          "texture": "#5"
        }
      }
    },
    {
      "name": "stick",
      "from": [
        -4.5,
        9.3,
        7.5
      ],
      "to": [
        -3.5,
        17.3,
        8.5
      ],
      "rotation": {
        "angle": -45,
        "axis": "z",
        "origin": [
          -0.5,
          0.8,
          0
        ]
      },
      "faces": {
        "north": {
          "uv": [
            0,
            0,
            1.77778,
            14.22222
          ],
          "texture": "#5"
        },
        "east": {
          "uv": [
            1.77778,
            0,
            3.55556,
            14.22222
          ],
          "texture": "#5"
        },
        "south": {
          "uv": [
            3.55556,
            0,
            5.33333,
            14.22222
          ],
          "texture": "#5"
        },
        "west": {
          "uv": [
            5.33333,
            0,
            7.11111,
            14.22222
          ],
          "texture": "#5"
        },
        "up": {
          "uv": [
            3.55556,
            16,
            1.77778,
            14.22222
          ],
          "texture": "#5"
        },
        "down": {
          "uv": [
            5.33333,
            14.22222,
            3.55556,
            16
          ],
          "texture": "#5"
        }
      }
    },
    {
      "name": "stick",
      "from": [
        1.5,
        9.3,
        7.5
      ],
      "to": [
        2.5,
        17.3,
        8.5
      ],
      "rotation": {
        "angle": -45,
        "axis": "z",
        "origin": [
          -0.5,
          0.8,
          0
        ]
      },
      "faces": {
        "north": {
          "uv": [
            0,
            0,
            1.77778,
            14.22222
          ],
          "texture": "#5"
        },
        "east": {
          "uv": [
            1.77778,
            0,
            3.55556,
            14.22222
          ],
          "texture": "#5"
        },
        "south": {
          "uv": [
            3.55556,
            0,
            5.33333,
            14.22222
          ],
          "texture": "#5"
        },
        "west": {
          "uv": [
            5.33333,
            0,
            7.11111,
            14.22222
          ],
          "texture": "#5"
        },
        "up": {
          "uv": [
            3.55556,
            16,
            1.77778,
            14.22222
          ],
          "texture": "#5"
        },
        "down": {
          "uv": [
            5.33333,
            14.22222,
            3.55556,
            16
          ],
          "texture": "#5"
        }
      }
    },
    {
      "name": "knot",
      "from": [
        -5.45,
        8.65,
        6.95
      ],
      "to": [
        -3.35,
        10.75,
        9.05
      ],
      "rotation": {
        "angle": -45,
        "axis": "z",
        "origin": [
          0,
          0,
          0
        ]
      },
      "faces": {
        "north": {
          "uv": [
            0,
            0,
            16,
            16
          ],
          "texture": "#3"
        },
        "east": {
          "uv": [
            0,
            0,
            16,
            16
          ],
          "texture": "#3"
        },
        "south": {
          "uv": [
            0,
            0,
            16,
            16
          ],
          "texture": "#3"
        },
        "west": {
          "uv": [
            0,
            0,
            16,
            16
          ],
          "texture": "#3"
        },
        "up": {
          "uv": [
            16,
            16,
            0,
            0
          ],
          "texture": "#3"
        },
        "down": {
          "uv": [
            16,
            0,
            0,
            16
          ],
          "texture": "#3"
        }
      }
    },
    {
      "name": "knot",
      "from": [
        0.55,
        8.65,
        6.95
      ],
      "to": [
        2.65,
        10.75,
        9.05
      ],
      "rotation": {
        "angle": -45,
        "axis": "z",
        "origin": [
          0,
          0,
          0
        ]
      },
      "faces": {
        "north": {
          "uv": [
            0,
            0,
            16,
            16
          ],
          "texture": "#3"
        },
        "east": {
          "uv": [
            0,
            0,
            16,
            16
          ],
          "texture": "#3"
        },
        "south": {
          "uv": [
            0,
            0,
            16,
            16
          ],
          "texture": "#3"
        },
        "west": {
          "uv": [
            0,
            0,
            16,
            16
          ],
          "texture": "#3"
        },
        "up": {
          "uv": [
            16,
            16,
            0,
            0
          ],
          "texture": "#3"
        },
        "down": {
          "uv": [
            16,
            0,
            0,
            16
          ],
          "texture": "#3"
        }
      }
    },
    {
      "name": "knot",
      "from": [
        14.65,
        -2.65,
        6.95
      ],
      "to": [
        16.75,
        -0.55,
        9.05
      ],
      "rotation": {
        "angle": 45,
        "axis": "z",
        "origin": [
          0,
          0,
          0
        ]
      },
      "faces": {
        "north": {
          "uv": [
            0,
            0,
            16,
            16
          ],
          "texture": "#3"
        },
        "east": {
          "uv": [
            0,
            0,
            16,
            16
          ],
          "texture": "#3"
        },
        "south": {
          "uv": [
            0,
            0,
            16,
            16
          ],
          "texture": "#3"
        },
        "west": {
          "uv": [
            0,
            0,
            16,
            16
          ],
          "texture": "#3"
        },
        "up": {
          "uv": [
            16,
            16,
            0,
            0
          ],
          "texture": "#3"
        },
        "down": {
          "uv": [
            16,
            0,
            0,
            16
          ],
          "texture": "#3"
        }
      }
    },
    {
      "name": "knot",
      "from": [
        14.65,
        3.35,
        6.95
      ],
      "to": [
        16.75,
        5.45,
        9.05
      ],
      "rotation": {
        "angle": 45,
        "axis": "z",
        "origin": [
          0,
          0,
          0
        ]
      },
      "faces": {
        "north": {
          "uv": [
            0,
            0,
            16,
            16
          ],
          "texture": "#3"
        },
        "east": {
          "uv": [
            0,
            0,
            16,
            16
          ],
          "texture": "#3"
        },
        "south": {
          "uv": [
            0,
            0,
            16,
            16
          ],
          "texture": "#3"
        },
        "west": {
          "uv": [
            0,
            0,
            16,
            16
          ],
          "texture": "#3"
        },
        "up": {
          "uv": [
            16,
            16,
            0,
            0
          ],
          "texture": "#3"
        },
        "down": {
          "uv": [
            16,
            0,
            0,
            16
          ],
          "texture": "#3"
        }
      }
    },
    {
      "from": [
        6.2,
        15,
        8.15
      ],
      "to": [
        6.2,
        17,
        9.15
      ],
      "rotation": {
        "angle": 45,
        "axis": "y",
        "origin": [
          6.32843,
          15,
          6.17157
        ]
      },
      "faces": {
        "north": {
          "uv": [
            0,
            0,
            0,
            1
          ],
          "texture": "#6"
        },
        "east": {
          "uv": [
            0,
            0,
            8,
            16
          ],
          "texture": "#6"
        },
        "south": {
          "uv": [
            0,
            0,
            0,
            1
          ],
          "texture": "#6"
        },
        "west": {
          "uv": [
            0,
            0,
            8,
            16
          ],
          "texture": "#6"
        },
        "up": {
          "uv": [
            0,
            0.5,
            0,
            0
          ],
          "texture": "#6"
        },
        "down": {
          "uv": [
            0,
            0,
            0,
            0.5
          ],
          "texture": "#6"
        }
      }
    },
    {
      "from": [
        5.7,
        15,
        8.65
      ],
      "to": [
        6.7,
        17,
        8.65
      ],
      "rotation": {
        "angle": 45,
        "axis": "y",
        "origin": [
          6.32843,
          15,
          6.17157
        ]
      },
      "faces": {
        "north": {
          "uv": [
            8,
            0,
            16,
            16
          ],
          "texture": "#6"
        },
        "east": {
          "uv": [
            0,
            0,
            0,
            1
          ],
          "texture": "#6"
        },
        "south": {
          "uv": [
            8,
            0,
            16,
            16
          ],
          "texture": "#6"
        },
        "west": {
          "uv": [
            0,
            0,
            0,
            1
          ],
          "texture": "#6"
        },
        "up": {
          "uv": [
            0.5,
            0,
            0,
            0
          ],
          "texture": "#6"
        },
        "down": {
          "uv": [
            0.5,
            0,
            0,
            0
          ],
          "texture": "#6"
        }
      }
    }
  ],
  "groups": [
    {
      "name": "phantomcatcher",
      "origin": [
        8,
        8,
        8
      ],
      "color": 0,
      "nbt": "{}",
      "children": [
        {
          "name": "feathers",
          "origin": [
            8,
            8,
            8
          ],
          "color": 0,
          "nbt": "{}",
          "children": [
            0,
            1,
            2
          ]
        },
        {
          "name": "frame",
          "origin": [
            0,
            0,
            0
          ],
          "color": 0,
          "nbt": "{}",
          "children": [
            3,
            4,
            5,
            6
          ]
        },
        7,
        {
          "name": "knots",
          "origin": [
            8,
            8,
            8
          ],
          "color": 0,
          "nbt": "{}",
          "children": [
            8,
            9,
            10,
            11
          ]
        },
        {
          "name": "string",
          "origin": [
            0,
            0,
            0
          ],
          "color": 0,
          "nbt": "{}",
          "children": [
            12,
            13
          ]
        }
      ]
    }
  ]
}
