{
    "music.menu": {
        "replace": true,
        "sounds": [
            {
                "name": "music/game/beginning_2",
                "stream": true
            },
            {
                "name": "music/game/floating_trees",
                "stream": true
            },
            {
                "name": "music/game/moog_city_2",
                "stream": true
            },
            {
                "name": "music/game/mutation",
                "stream": true
            }
        ]
    },
    "music.game": {
        "replace": true,
        "sounds": [
            {
                "name": "symphonic:music/game/814",
                "stream": true,
                "volume": 0.8
            },
            {
                "name": "symphonic:music/game/albeit",
                "stream": true
            },
            {
                "name": "symphonic:music/game/cliff_hanger",
                "stream": true
            },
            {
                "name": "symphonic:music/game/burning_konkrete",
                "stream": true
            },
            {
                "name": "symphonic:music/game/stolen_grid",
                "stream": true
            },
            {
                "name": "music/game/clark",
                "stream": true
            },
            {
                "name": "music/game/danny",
                "stream": true
            },
            {
                "name": "music/game/dry_hands",
                "stream": true
            },
            {
                "name": "music/game/haggstrom",
                "stream": true
            },
            {
                "name": "music/game/key",
                "stream": true
            },
            {
                "name": "music/game/living_mice",
                "stream": true
            },
            {
                "name": "music/game/mice_on_venus",
                "stream": true
            },
            {
                "name": "music/game/minecraft",
                "stream": true
            },
            {
                "name": "music/game/mice_on_venus",
                "stream": true
            },
            {
                "name": "music/game/oxygene",
                "stream": true
            },
            {
                "name": "music/game/subwoofer_lullaby",
                "stream": true
            },
            {
                "name": "music/game/sweden",
                "stream": true
            },
            {
                "name": "music/game/wet_hands",
                "stream": true
            }
        ]
    },
    "music.overworld.dripstone_caves": {
        "sounds": [
            {
                "name": "symphonic:music/game/metastasis",
                "stream": true,
                "volume": 1,
                "weight": 9
            }
        ]
    },
    "music.overworld.lush_caves": {
        "sounds": [
            {
                "name": "symphonic:music/game/metastasis",
                "stream": true,
                "volume": 1,
                "weight": 9
            }
        ]
    },
    "music.overworld.deep_dark": {
        "sounds": [
            {
                "name": "symphonic:music/game/metastasis",
                "stream": true,
                "volume": 1,
                "weight": 9
            }
        ]
    }
}