{
  "providers": [
    {
      "type": "space",
      "advances": {
        "a": -8,
        "b": -168
      }
    },
    {
      "type": "bitmap",
      "file": "polydecorations:sgui/shelf.png",
      "ascent": 13,
      "height": 256,
      "chars": [
        "c"
      ]
    },
    {
      "type": "bitmap",
      "file": "polydecorations:sgui/shelf_2.png",
      "ascent": 13,
      "height": 256,
      "chars": [
        "d"
      ]
    },
    {
      "type": "bitmap",
      "file": "polydecorations:sgui/mailbox_select.png",
      "ascent": 13,
      "height": 256,
      "chars": [
        "e"
      ]
    }
  ]
}
