{
  "credit": "Made with Blockbench",
  "textures": {
    "0": "block/custom/stone/pebbles",
    "particle": "block/custom/stone/pebbles"
  },
  "elements": [
    {
      "from": [
        1,
        0,
        5
      ],
      "to": [
        4,
        2,
        8
      ],
      "rotation": {
        "angle": 0,
        "axis": "y",
        "origin": [
          0,
          0,
          1
        ]
      },
      "faces": {
        "north": {
          "uv": [
            0,
            6,
            3,
            8
          ],
          "texture": "#0"
        },
        "east": {
          "uv": [
            6,
            0,
            9,
            2
          ],
          "texture": "#0"
        },
        "south": {
          "uv": [
            6,
            2,
            9,
            4
          ],
          "texture": "#0"
        },
        "west": {
          "uv": [
            3,
            7,
            6,
            9
          ],
          "texture": "#0"
        },
        "up": {
          "uv": [
            3,
            3,
            0,
            0
          ],
          "texture": "#0"
        },
        "down": {
          "uv": [
            3,
            3,
            0,
            6
          ],
          "texture": "#0"
        }
      }
    },
    {
      "from": [
        9,
        0,
        10
      ],
      "to": [
        11,
        1,
        13
      ],
      "rotation": {
        "angle": 45,
        "axis": "y",
        "origin": [
          10,
          1,
          11.5
        ]
      },
      "faces": {
        "north": {
          "uv": [
            7,
            4,
            9,
            5
          ],
          "texture": "#0"
        },
        "east": {
          "uv": [
            3,
            0,
            6,
            1
          ],
          "texture": "#0"
        },
        "south": {
          "uv": [
            6,
            7,
            8,
            8
          ],
          "texture": "#0"
        },
        "west": {
          "uv": [
            3,
            2,
            6,
            3
          ],
          "texture": "#0"
        },
        "up": {
          "uv": [
            5,
            7,
            3,
            4
          ],
          "texture": "#0"
        },
        "down": {
          "uv": [
            7,
            4,
            5,
            7
          ],
          "texture": "#0"
        }
      }
    },
    {
      "from": [
        11.3233,
        0,
        2.54331
      ],
      "to": [
        13.3233,
        2,
        5.54331
      ],
      "rotation": {
        "angle": -22.5,
        "axis": "y",
        "origin": [
          12.3233,
          0.5,
          4.04331
        ]
      },
      "faces": {
        "north": {
          "uv": [
            7,
            4,
            9,
            6
          ],
          "texture": "#0"
        },
        "east": {
          "uv": [
            3,
            0,
            6,
            2
          ],
          "texture": "#0"
        },
        "south": {
          "uv": [
            6,
            7,
            8,
            9
          ],
          "texture": "#0"
        },
        "west": {
          "uv": [
            3,
            2,
            6,
            4
          ],
          "texture": "#0"
        },
        "up": {
          "uv": [
            5,
            7,
            3,
            4
          ],
          "texture": "#0"
        },
        "down": {
          "uv": [
            7,
            4,
            5,
            7
          ],
          "texture": "#0"
        }
      }
    }
  ],
  "display": {
    "thirdperson_righthand": {
      "rotation": [
        75,
        45,
        0
      ],
      "translation": [
        0.75,
        2.25,
        2.25
      ],
      "scale": [
        0.375,
        0.375,
        0.375
      ]
    },
    "thirdperson_lefthand": {
      "rotation": [
        75,
        45,
        0
      ],
      "translation": [
        0.75,
        2.25,
        2.25
      ],
      "scale": [
        0.375,
        0.375,
        0.375
      ]
    },
    "firstperson_righthand": {
      "rotation": [
        0,
        45,
        0
      ],
      "translation": [
        0.25,
        4.5,
        0
      ],
      "scale": [
        0.4,
        0.4,
        0.4
      ]
    },
    "firstperson_lefthand": {
      "rotation": [
        0,
        45,
        0
      ],
      "translation": [
        0.25,
        4.5,
        0
      ],
      "scale": [
        0.4,
        0.4,
        0.4
      ]
    },
    "ground": {
      "translation": [
        0,
        2,
        0
      ],
      "scale": [
        0.5,
        0.5,
        0.5
      ]
    },
    "gui": {
      "rotation": [
        30,
        225,
        0
      ],
      "translation": [
        -0.75,
        6.5,
        0
      ],
      "scale": [
        1.08,
        1.08,
        1.08
      ]
    },
    "head": {
      "translation": [
        0,
        14.25,
        0
      ]
    },
    "fixed": {
      "rotation": [
        -90,
        0,
        0
      ],
      "translation": [
        0,
        0,
        -16
      ],
      "scale": [
        2,
        2,
        2
      ]
    }
  }
}
