{
  "credit": "Made with Blockbench",
  "textures": {
    "particle": "block/stripped_oak_log",
    "stripped_log": "block/stripped_oak_log",
    "stripped_log_top": "block/stripped_oak_log_top",
    "log": "block/oak_log",
    "log_top": "block/oak_log_top",
    "front": "polydecorations:block/mailbox_front"
  },
  "elements": [
    {
      "from": [
        2,
        0,
        0
      ],
      "to": [
        14,
        11,
        16
      ],
      "faces": {
        "north": {
          "uv": [
            2,
            3,
            14,
            14
          ],
          "texture": "#front"
        },
        "east": {
          "uv": [
            5,
            0,
            16,
            16
          ],
          "rotation": 90,
          "texture": "#stripped_log"
        },
        "south": {
          "uv": [
            2,
            3,
            14,
            14
          ],
          "texture": "#stripped_log_top"
        },
        "west": {
          "uv": [
            5,
            0,
            16,
            16
          ],
          "rotation": 90,
          "texture": "#stripped_log"
        },
        "up": {
          "uv": [
            2,
            0,
            14,
            16
          ],
          "rotation": 180,
          "texture": "#stripped_log"
        },
        "down": {
          "uv": [
            3,
            0,
            15,
            16
          ],
          "texture": "#stripped_log"
        }
      }
    },
    {
      "from": [
        4.4358,
        9.69974,
        -1
      ],
      "to": [
        11.4358,
        11.69974,
        17
      ],
      "rotation": {
        "angle": 22.5,
        "axis": "z",
        "origin": [
          3.4358,
          1.69974,
          0
        ]
      },
      "faces": {
        "north": {
          "uv": [
            9,
            0,
            16,
            2
          ],
          "texture": "#log_top"
        },
        "east": {
          "uv": [
            0,
            0,
            2,
            16
          ],
          "rotation": 90,
          "texture": "#log"
        },
        "south": {
          "uv": [
            0,
            0,
            7,
            2
          ],
          "texture": "#log_top"
        },
        "west": {
          "uv": [
            6,
            0,
            8,
            16
          ],
          "rotation": 90,
          "texture": "#log"
        },
        "up": {
          "uv": [
            8,
            0,
            15,
            16
          ],
          "rotation": 180,
          "texture": "#log"
        },
        "down": {
          "uv": [
            0,
            0,
            7,
            16
          ],
          "texture": "#stripped_log"
        }
      }
    },
    {
      "from": [
        3.25767,
        15.13134,
        -1
      ],
      "to": [
        10.25767,
        17.13134,
        17
      ],
      "rotation": {
        "angle": -22.5,
        "axis": "z",
        "origin": [
          -1.74233,
          1.13134,
          0
        ]
      },
      "faces": {
        "north": {
          "uv": [
            0,
            0,
            7,
            2
          ],
          "texture": "#log_top"
        },
        "east": {
          "uv": [
            12,
            0,
            14,
            16
          ],
          "rotation": 90,
          "texture": "#log"
        },
        "south": {
          "uv": [
            9,
            0,
            16,
            2
          ],
          "texture": "#log_top"
        },
        "west": {
          "uv": [
            0,
            0,
            2,
            16
          ],
          "rotation": 90,
          "texture": "#log"
        },
        "up": {
          "uv": [
            0,
            0,
            7,
            16
          ],
          "texture": "#log"
        },
        "down": {
          "uv": [
            8,
            0,
            15,
            16
          ],
          "texture": "#stripped_log"
        }
      }
    },
    {
      "from": [
        7,
        12,
        -1.005
      ],
      "to": [
        9,
        14,
        17.005
      ],
      "faces": {
        "north": {
          "uv": [
            7,
            0,
            9,
            2
          ],
          "texture": "#log_top"
        },
        "east": {
          "uv": [
            0,
            0,
            16,
            2
          ],
          "texture": "#log"
        },
        "south": {
          "uv": [
            7,
            0,
            9,
            2
          ],
          "texture": "#log_top"
        },
        "west": {
          "uv": [
            0,
            0,
            16,
            2
          ],
          "texture": "#log"
        },
        "up": {
          "uv": [
            7,
            0,
            9,
            16
          ],
          "texture": "#log"
        },
        "down": {
          "uv": [
            6,
            0,
            8,
            16
          ],
          "texture": "#stripped_log"
        }
      }
    },
    {
      "from": [
        5,
        11,
        0
      ],
      "to": [
        11,
        12,
        16
      ],
      "faces": {
        "north": {
          "uv": [
            5,
            2,
            11,
            3
          ],
          "texture": "#stripped_log_top"
        },
        "east": {
          "uv": [
            10,
            0,
            11,
            16
          ],
          "rotation": 90,
          "texture": "#stripped_log"
        },
        "south": {
          "uv": [
            5,
            2,
            11,
            3
          ],
          "texture": "#stripped_log_top"
        },
        "west": {
          "uv": [
            5,
            0,
            6,
            16
          ],
          "rotation": 90,
          "texture": "#stripped_log"
        },
        "up": {
          "uv": [
            5,
            0,
            11,
            16
          ],
          "texture": "#stripped_log"
        },
        "down": {
          "uv": [
            5,
            0,
            11,
            16
          ],
          "texture": "#stripped_log"
        }
      }
    },
    {
      "from": [
        5,
        7,
        1
      ],
      "to": [
        11,
        8,
        0
      ],
      "faces": {
        "north": {
          "uv": [
            5,
            15,
            11,
            16
          ],
          "texture": "#front"
        },
        "east": {
          "uv": [
            4,
            6,
            5,
            7
          ],
          "rotation": 90,
          "texture": "#front"
        },
        "south": {
          "uv": [
            5,
            6,
            11,
            7
          ],
          "texture": "#front"
        },
        "west": {
          "uv": [
            11,
            6,
            12,
            7
          ],
          "rotation": 90,
          "texture": "#front"
        },
        "up": {
          "uv": [
            5,
            5,
            11,
            6
          ],
          "texture": "#front"
        },
        "down": {
          "uv": [
            5,
            7,
            11,
            8
          ],
          "texture": "#front"
        }
      }
    }
  ],
  "display": {
    "thirdperson_righthand": {
      "rotation": [
        75,
        45,
        0
      ],
      "translation": [
        0,
        2.5,
        0
      ],
      "scale": [
        0.375,
        0.375,
        0.375
      ]
    },
    "thirdperson_lefthand": {
      "rotation": [
        75,
        45,
        0
      ],
      "translation": [
        0,
        2.5,
        0
      ],
      "scale": [
        0.375,
        0.375,
        0.375
      ]
    },
    "firstperson_righthand": {
      "rotation": [
        0,
        45,
        0
      ],
      "scale": [
        0.4,
        0.4,
        0.4
      ]
    },
    "firstperson_lefthand": {
      "rotation": [
        0,
        225,
        0
      ],
      "scale": [
        0.4,
        0.4,
        0.4
      ]
    },
    "ground": {
      "translation": [
        0,
        3,
        0
      ],
      "scale": [
        0.25,
        0.25,
        0.25
      ]
    },
    "gui": {
      "rotation": [
        30,
        225,
        0
      ],
      "scale": [
        0.625,
        0.625,
        0.625
      ]
    },
    "head": {
      "translation": [
        0,
        9.25,
        -14.5
      ]
    },
    "fixed": {
      "scale": [
        0.5,
        0.5,
        0.5
      ]
    }
  }
}
