{
  "credit": "Made with Blockbench",
  "textures": {
    "0": "block/dark_oak_planks",
    "1": "polydecorations:block/lantern_support",
    "particle": "block/dark_oak_planks"
  },
  "elements": [
    {
      "from": [
        7,
        11,
        5
      ],
      "to": [
        9,
        13,
        14
      ],
      "faces": {
        "north": {
          "uv": [
            0,
            10,
            2,
            12
          ],
          "texture": "#0"
        },
        "east": {
          "uv": [
            0,
            6,
            9,
            8
          ],
          "texture": "#0"
        },
        "south": {
          "uv": [
            0,
            0,
            2,
            2
          ],
          "texture": "#missing"
        },
        "west": {
          "uv": [
            0,
            2,
            9,
            4
          ],
          "texture": "#0"
        },
        "up": {
          "uv": [
            0,
            8,
            9,
            10
          ],
          "rotation": 90,
          "texture": "#0"
        },
        "down": {
          "uv": [
            0,
            13,
            9,
            15
          ],
          "rotation": 90,
          "texture": "#0"
        }
      }
    },
    {
      "from": [
        6,
        6,
        14
      ],
      "to": [
        10,
        14,
        16
      ],
      "faces": {
        "north": {
          "uv": [
            0,
            0,
            4,
            8
          ],
          "texture": "#1"
        },
        "east": {
          "uv": [
            4,
            0,
            6,
            8
          ],
          "texture": "#1"
        },
        "south": {
          "uv": [
            0,
            0,
            4,
            8
          ],
          "texture": "#1"
        },
        "west": {
          "uv": [
            4,
            0,
            6,
            8
          ],
          "texture": "#1"
        },
        "up": {
          "uv": [
            6,
            0,
            10,
            2
          ],
          "texture": "#1"
        },
        "down": {
          "uv": [
            6,
            0,
            10,
            2
          ],
          "texture": "#1"
        }
      }
    },
    {
      "from": [
        8,
        7,
        10
      ],
      "to": [
        8,
        11,
        14
      ],
      "faces": {
        "north": {
          "uv": [
            0,
            0,
            0,
            4
          ],
          "texture": "#missing"
        },
        "east": {
          "uv": [
            16,
            12,
            12,
            16
          ],
          "texture": "#1"
        },
        "south": {
          "uv": [
            0,
            0,
            0,
            4
          ],
          "texture": "#missing"
        },
        "west": {
          "uv": [
            12,
            12,
            16,
            16
          ],
          "texture": "#1"
        },
        "up": {
          "uv": [
            0,
            0,
            0,
            4
          ],
          "texture": "#missing"
        },
        "down": {
          "uv": [
            0,
            0,
            0,
            4
          ],
          "texture": "#missing"
        }
      }
    },
    {
      "from": [
        8,
        7,
        10
      ],
      "to": [
        8,
        11,
        14
      ],
      "faces": {
        "north": {
          "uv": [
            0,
            0,
            0,
            4
          ],
          "texture": "#missing"
        },
        "east": {
          "uv": [
            16,
            12,
            12,
            16
          ],
          "texture": "#1"
        },
        "south": {
          "uv": [
            0,
            0,
            0,
            4
          ],
          "texture": "#missing"
        },
        "west": {
          "uv": [
            12,
            12,
            16,
            16
          ],
          "texture": "#1"
        },
        "up": {
          "uv": [
            0,
            0,
            0,
            4
          ],
          "texture": "#missing"
        },
        "down": {
          "uv": [
            0,
            0,
            0,
            4
          ],
          "texture": "#missing"
        }
      }
    }
  ]
}
