{
  "textures": {
    "0": "block/farmland_moist",
    "1": "polydecorations:block/large_flower_pot",
    "particle": "block/farmland_moist"
  },
  "elements": [
    {
      "from": [
        2,
        0,
        2
      ],
      "to": [
        14,
        15.5,
        14
      ],
      "faces": {
        "up": {
          "uv": [
            2,
            2,
            14,
            14
          ],
          "texture": "#0"
        },
        "down": {
          "uv": [
            2,
            4,
            14,
            16
          ],
          "texture": "#1",
          "cullface": "down"
        }
      }
    },
    {
      "from": [
        14,
        0,
        1
      ],
      "to": [
        15,
        16,
        15
      ],
      "faces": {
        "north": {
          "uv": [
            14,
            0,
            15,
            16
          ],
          "texture": "#1"
        },
        "east": {
          "uv": [
            1,
            0,
            15,
            16
          ],
          "texture": "#1"
        },
        "south": {
          "uv": [
            1,
            0,
            2,
            16
          ],
          "texture": "#1"
        },
        "west": {
          "uv": [
            1,
            0,
            15,
            16
          ],
          "texture": "#1"
        },
        "up": {
          "uv": [
            1,
            1,
            15,
            2
          ],
          "rotation": 90,
          "texture": "#1"
        },
        "down": {
          "uv": [
            1,
            15,
            15,
            16
          ],
          "rotation": 90,
          "texture": "#1",
          "cullface": "down"
        }
      }
    },
    {
      "from": [
        1,
        0,
        1
      ],
      "to": [
        2,
        16,
        15
      ],
      "faces": {
        "north": {
          "uv": [
            14,
            0,
            15,
            16
          ],
          "texture": "#1"
        },
        "east": {
          "uv": [
            1,
            0,
            15,
            16
          ],
          "texture": "#1"
        },
        "south": {
          "uv": [
            1,
            0,
            2,
            16
          ],
          "texture": "#1"
        },
        "west": {
          "uv": [
            1,
            0,
            15,
            16
          ],
          "texture": "#1"
        },
        "up": {
          "uv": [
            1,
            1,
            15,
            2
          ],
          "rotation": 90,
          "texture": "#1"
        },
        "down": {
          "uv": [
            1,
            15,
            15,
            16
          ],
          "rotation": 90,
          "texture": "#1",
          "cullface": "down"
        }
      }
    },
    {
      "from": [
        2,
        0,
        14
      ],
      "to": [
        14,
        16,
        15
      ],
      "faces": {
        "north": {
          "uv": [
            2,
            0,
            14,
            16
          ],
          "texture": "#1"
        },
        "south": {
          "uv": [
            2,
            0,
            14,
            16
          ],
          "texture": "#1"
        },
        "up": {
          "uv": [
            2,
            4,
            14,
            5
          ],
          "texture": "#1"
        },
        "down": {
          "uv": [
            2,
            15,
            14,
            16
          ],
          "texture": "#1",
          "cullface": "down"
        }
      }
    },
    {
      "from": [
        2,
        0,
        1
      ],
      "to": [
        14,
        16,
        2
      ],
      "faces": {
        "north": {
          "uv": [
            2,
            0,
            14,
            16
          ],
          "texture": "#1"
        },
        "south": {
          "uv": [
            2,
            0,
            14,
            16
          ],
          "texture": "#1"
        },
        "up": {
          "uv": [
            14,
            3,
            2,
            4
          ],
          "texture": "#1"
        },
        "down": {
          "uv": [
            2,
            15,
            14,
            16
          ],
          "texture": "#1",
          "cullface": "down"
        }
      }
    }
  ],
  "display": {
    "thirdperson_righthand": {
      "rotation": [
        75,
        45,
        0
      ],
      "translation": [
        0,
        2.5,
        0
      ],
      "scale": [
        0.375,
        0.375,
        0.375
      ]
    },
    "thirdperson_lefthand": {
      "rotation": [
        75,
        45,
        0
      ],
      "translation": [
        0,
        2.5,
        0
      ],
      "scale": [
        0.375,
        0.375,
        0.375
      ]
    },
    "firstperson_righthand": {
      "rotation": [
        0,
        45,
        0
      ],
      "scale": [
        0.4,
        0.4,
        0.4
      ]
    },
    "firstperson_lefthand": {
      "rotation": [
        0,
        225,
        0
      ],
      "scale": [
        0.4,
        0.4,
        0.4
      ]
    },
    "ground": {
      "translation": [
        0,
        3,
        0
      ],
      "scale": [
        0.25,
        0.25,
        0.25
      ]
    },
    "gui": {
      "rotation": [
        30,
        225,
        0
      ],
      "scale": [
        0.625,
        0.625,
        0.625
      ]
    },
    "fixed": {
      "scale": [
        0.5,
        0.5,
        0.5
      ]
    }
  }
}
