{
  "parent": "minecraft:item/handheld_rod",
  "textures": {
    "layer0": "minecraft:item/carrot_on_a_stick"
  },
	"overrides": [
		{"predicate": {"custom_model_data":822300}, "model": "ulg_backpack:normal"},
        {"predicate": {"custom_model_data":822301}, "model": "ulg_backpack:normal_opened"},
        {"predicate": {"custom_model_data":822302}, "model": "ulg_backpack:blue"},
        {"predicate": {"custom_model_data":822303}, "model": "ulg_backpack:blue_opened"},
        {"predicate": {"custom_model_data":822304}, "model": "ulg_backpack:yellow"},
        {"predicate": {"custom_model_data":822305}, "model": "ulg_backpack:yellow_opened"},
        {"predicate": {"custom_model_data":822306}, "model": "ulg_backpack:white"},
        {"predicate": {"custom_model_data":822307}, "model": "ulg_backpack:white_opened"},
        {"predicate": {"custom_model_data":822308}, "model": "ulg_backpack:orange"},
        {"predicate": {"custom_model_data":822309}, "model": "ulg_backpack:orange_opened"},
        {"predicate": {"custom_model_data":822310}, "model": "ulg_backpack:black"},
        {"predicate": {"custom_model_data":822311}, "model": "ulg_backpack:black_opened"},
        {"predicate": {"custom_model_data":822312}, "model": "ulg_backpack:magenta"},
        {"predicate": {"custom_model_data":822313}, "model": "ulg_backpack:magenta_opened"},
        {"predicate": {"custom_model_data":822314}, "model": "ulg_backpack:light_blue"},
        {"predicate": {"custom_model_data":822315}, "model": "ulg_backpack:light_blue_opened"},
        {"predicate": {"custom_model_data":822316}, "model": "ulg_backpack:lime"},
        {"predicate": {"custom_model_data":822317}, "model": "ulg_backpack:lime_opened"},
        {"predicate": {"custom_model_data":822318}, "model": "ulg_backpack:pink"},
        {"predicate": {"custom_model_data":822319}, "model": "ulg_backpack:pink_opened"},
        {"predicate": {"custom_model_data":822320}, "model": "ulg_backpack:gray"},
        {"predicate": {"custom_model_data":822321}, "model": "ulg_backpack:gray_opened"},
        {"predicate": {"custom_model_data":822322}, "model": "ulg_backpack:light_gray"},
        {"predicate": {"custom_model_data":822323}, "model": "ulg_backpack:light_gray_opened"},
        {"predicate": {"custom_model_data":822324}, "model": "ulg_backpack:cyan"},
        {"predicate": {"custom_model_data":822325}, "model": "ulg_backpack:cyan_opened"},
        {"predicate": {"custom_model_data":822326}, "model": "ulg_backpack:purple"},
        {"predicate": {"custom_model_data":822327}, "model": "ulg_backpack:purple_opened"},
        {"predicate": {"custom_model_data":822328}, "model": "ulg_backpack:brown"},
        {"predicate": {"custom_model_data":822329}, "model": "ulg_backpack:brown_opened"},
        {"predicate": {"custom_model_data":822330}, "model": "ulg_backpack:green"},
        {"predicate": {"custom_model_data":822331}, "model": "ulg_backpack:green_opened"},
        {"predicate": {"custom_model_data":822332}, "model": "ulg_backpack:red"},
        {"predicate": {"custom_model_data":822333}, "model": "ulg_backpack:red_opened"},
        {"predicate": {"custom_model_data":822334}, "model": "ulg_backpack:rainbow"},
        {"predicate": {"custom_model_data":822335}, "model": "ulg_backpack:rainbow_opened"},
        {"predicate": {"custom_model_data":822336}, "model": "ulg_backpack:vanguard"},
        {"predicate": {"custom_model_data":822337}, "model": "ulg_backpack:vanguard_opened"},
        {"predicate": {"custom_model_data":822338}, "model": "ulg_backpack:ulg"},
        {"predicate": {"custom_model_data":822339}, "model": "ulg_backpack:ulg_opened"},
        {"predicate": {"custom_model_data":822340}, "model": "ulg_backpack:friends"},
        {"predicate": {"custom_model_data":822341}, "model": "ulg_backpack:friends_opened"},
        {"predicate": {"custom_model_data":822342}, "model": "ulg_backpack:brokenheart"},
        {"predicate": {"custom_model_data":822343}, "model": "ulg_backpack:brokenheart_opened"},
        {"predicate": {"custom_model_data":822344}, "model": "ulg_backpack:mouldy"},
        {"predicate": {"custom_model_data":822345}, "model": "ulg_backpack:mouldy_opened"},
        {"predicate": {"custom_model_data":822346}, "model": "ulg_backpack:vintage"},
        {"predicate": {"custom_model_data":822347}, "model": "ulg_backpack:vintage_opened"}
	]
}