{
  "credit": "Made with Blockbench",
  "textures": {
    "2": "block/custom/wood/chiseled_planks/dark_oak",
    "3": "block/custom/wood/chiseled_planks/dark_oak_side",
    "particle": "block/custom/wood/chiseled_planks/dark_oak_side"
  },
  "elements": [
    {
      "from": [
        0,
        0,
        0
      ],
      "to": [
        16,
        16,
        16
      ],
      "rotation": {
        "angle": 0,
        "axis": "y",
        "origin": [
          8,
          8,
          8
        ]
      },
      "faces": {
        "north": {
          "uv": [
            0,
            0,
            16,
            16
          ],
          "texture": "#3",
          "cullface": "north"
        },
        "east": {
          "uv": [
            0,
            0,
            16,
            16
          ],
          "texture": "#3",
          "cullface": "east"
        },
        "south": {
          "uv": [
            0,
            0,
            16,
            16
          ],
          "texture": "#3",
          "cullface": "south"
        },
        "west": {
          "uv": [
            0,
            0,
            16,
            16
          ],
          "texture": "#3",
          "cullface": "west"
        },
        "up": {
          "uv": [
            0,
            0,
            16,
            16
          ],
          "rotation": 270,
          "texture": "#2",
          "cullface": "up"
        },
        "down": {
          "uv": [
            0,
            0,
            16,
            16
          ],
          "rotation": 270,
          "texture": "#2",
          "cullface": "down"
        }
      }
    }
  ],
  "display": {
    "thirdperson_righthand": {
      "rotation": [
        75,
        45,
        0
      ],
      "translation": [
        0,
        2.5,
        0
      ],
      "scale": [
        0.375,
        0.375,
        0.375
      ]
    },
    "thirdperson_lefthand": {
      "rotation": [
        75,
        45,
        0
      ],
      "translation": [
        0,
        2.5,
        0
      ],
      "scale": [
        0.375,
        0.375,
        0.375
      ]
    },
    "firstperson_righthand": {
      "rotation": [
        0,
        45,
        0
      ],
      "scale": [
        0.4,
        0.4,
        0.4
      ]
    },
    "firstperson_lefthand": {
      "rotation": [
        0,
        45,
        0
      ],
      "scale": [
        0.4,
        0.4,
        0.4
      ]
    },
    "ground": {
      "translation": [
        0,
        3,
        0
      ],
      "scale": [
        0.25,
        0.25,
        0.25
      ]
    },
    "gui": {
      "rotation": [
        30,
        225,
        0
      ],
      "scale": [
        0.625,
        0.625,
        0.625
      ]
    },
    "fixed": {
      "scale": [
        0.5,
        0.5,
        0.5
      ]
    }
  }
}
