{
  "variants": {
    "age=0": [
      {
        "model": "minecraft:block/cactus",
        "x": 0,
        "y": 0,
        "uvlock": false,
        "weight": 1
      }
    ],
    "age=1": [
      {
        "model": "minecraft:block/cactus",
        "x": 0,
        "y": 0,
        "uvlock": false,
        "weight": 1
      }
    ],
    "age=10": [
      {
        "model": "minecraft:block/cactus",
        "x": 0,
        "y": 0,
        "uvlock": false,
        "weight": 1
      }
    ],
    "age=11": [
      {
        "model": "minecraft:block/cactus",
        "x": 0,
        "y": 0,
        "uvlock": false,
        "weight": 1
      }
    ],
    "age=12": [
      {
        "model": "minecraft:block/cactus",
        "x": 0,
        "y": 0,
        "uvlock": false,
        "weight": 1
      }
    ],
    "age=13": [
      {
        "model": "minecraft:block/cactus",
        "x": 0,
        "y": 0,
        "uvlock": false,
        "weight": 1
      }
    ],
    "age=14": [
      {
        "model": "minecraft:block/cactus",
        "x": 0,
        "y": 0,
        "uvlock": false,
        "weight": 1
      }
    ],
    "age=15": [
      {
        "model": "minecraft:block/cactus",
        "x": 0,
        "y": 0,
        "uvlock": false,
        "weight": 1
      }
    ],
    "age=2": [
      {
        "model": "minecraft:block/cactus",
        "x": 0,
        "y": 0,
        "uvlock": false,
        "weight": 1
      }
    ],
    "age=3": [
      {
        "model": "minecraft:block/cactus",
        "x": 0,
        "y": 0,
        "uvlock": false,
        "weight": 1
      }
    ],
    "age=4": [
      {
        "model": "minecraft:block/cactus",
        "x": 0,
        "y": 0,
        "uvlock": false,
        "weight": 1
      }
    ],
    "age=5": [
      {
        "model": "minecraft:block/cactus",
        "x": 0,
        "y": 0,
        "uvlock": false,
        "weight": 1
      }
    ],
    "age=6": [
      {
        "model": "minecraft:block/cactus",
        "x": 0,
        "y": 0,
        "uvlock": false,
        "weight": 1
      }
    ],
    "age=7": [
      {
        "model": "minecraft:block/cactus",
        "x": 0,
        "y": 0,
        "uvlock": false,
        "weight": 1
      }
    ],
    "age=8": [
      {
        "model": "minecraft:block/cactus",
        "x": 0,
        "y": 0,
        "uvlock": false,
        "weight": 1
      }
    ],
    "age=9": [
      {
        "model": "minecraft:block/cactus",
        "x": 0,
        "y": 0,
        "uvlock": false,
        "weight": 1
      }
    ]
  }
}
