{
  "parent": "item/generated",
  "textures": {
    "layer0": "copper_horn:item/copper_horn"
  },
  "display": {
    "thirdperson_righthand": {
      "rotation": [
        0,
        -125,
        0
      ],
      "translation": [
        -1,
        2,
        2
      ],
      "scale": [
        0.5,
        0.5,
        0.5
      ]
    },
    "thirdperson_lefthand": {
      "rotation": [
        0,
        55,
        0
      ],
      "translation": [
        -1,
        2,
        2
      ],
      "scale": [
        0.5,
        0.5,
        0.5
      ]
    },
    "firstperson_righthand": {
      "rotation": [
        0,
        -55,
        -5
      ],
      "translation": [
        -1,
        -2.5,
        -7.5
      ]
    },
    "firstperson_lefthand": {
      "rotation": [
        0,
        115,
        5
      ],
      "translation": [
        0,
        -2.5,
        -7.5
      ]
    }
  }
}
