{
  "texture_size": [
    64,
    64
  ],
  "textures": {
    "0": "block/illusioner"
  },
  "elements": [
    {
      "name": "head",
      "from": [
        4,
        0,
        4
      ],
      "to": [
        12,
        10,
        12
      ],
      "rotation": {
        "angle": 0,
        "axis": "y",
        "origin": [
          8,
          -24,
          8
        ]
      },
      "faces": {
        "north": {
          "uv": [
            2,
            2,
            4,
            4.5
          ],
          "texture": "#0"
        },
        "east": {
          "uv": [
            0,
            2,
            2,
            4.5
          ],
          "texture": "#0"
        },
        "south": {
          "uv": [
            6,
            2,
            8,
            4.5
          ],
          "texture": "#0"
        },
        "west": {
          "uv": [
            4,
            2,
            6,
            4.5
          ],
          "texture": "#0"
        },
        "up": {
          "uv": [
            4,
            2,
            2,
            0
          ],
          "texture": "#0"
        },
        "down": {
          "uv": [
            6,
            0,
            4,
            2
          ],
          "texture": "#0"
        }
      }
    },
    {
      "name": "hat",
      "from": [
        3.55,
        -1.45,
        3.55
      ],
      "to": [
        12.45,
        10.45,
        12.45
      ],
      "rotation": {
        "angle": 0,
        "axis": "y",
        "origin": [
          8,
          -24,
          8
        ]
      },
      "faces": {
        "north": {
          "uv": [
            10,
            2,
            12,
            4.75
          ],
          "texture": "#0"
        },
        "east": {
          "uv": [
            8,
            2,
            10,
            4.75
          ],
          "texture": "#0"
        },
        "south": {
          "uv": [
            14,
            2,
            16,
            4.75
          ],
          "texture": "#0"
        },
        "west": {
          "uv": [
            12,
            2,
            14,
            4.75
          ],
          "texture": "#0"
        },
        "up": {
          "uv": [
            12,
            2,
            10,
            0
          ],
          "texture": "#0"
        },
        "down": {
          "uv": [
            14,
            0,
            12,
            2
          ],
          "texture": "#0"
        }
      }
    },
    {
      "name": "nose",
      "from": [
        7,
        -1,
        2
      ],
      "to": [
        9,
        3,
        4
      ],
      "rotation": {
        "angle": 0,
        "axis": "y",
        "origin": [
          8,
          -24,
          8
        ]
      },
      "faces": {
        "north": {
          "uv": [
            6.5,
            0.5,
            7,
            1.5
          ],
          "texture": "#0"
        },
        "east": {
          "uv": [
            6,
            0.5,
            6.5,
            1.5
          ],
          "texture": "#0"
        },
        "south": {
          "uv": [
            7.5,
            0.5,
            8,
            1.5
          ],
          "texture": "#0"
        },
        "west": {
          "uv": [
            7,
            0.5,
            7.5,
            1.5
          ],
          "texture": "#0"
        },
        "up": {
          "uv": [
            7,
            0.5,
            6.5,
            0
          ],
          "texture": "#0"
        },
        "down": {
          "uv": [
            7.5,
            0,
            7,
            0.5
          ],
          "texture": "#0"
        }
      }
    }
  ],
  "display": {
    "head": {
      "translation": [
        0,
        6.25,
        0
      ],
      "scale": [
        1.62,
        1.62,
        1.62
      ]
    }
  },
  "groups": [
    {
      "name": "head",
      "origin": [
        8,
        0,
        8
      ],
      "color": 0,
      "nbt": "{}",
      "children": [
        0,
        1,
        2
      ]
    }
  ]
}
